symbol,side,t0_ns,depth_at_join,outcome,exec_volume,cancel_volume,err_pessimistic,err_optimistic,err_proportional,fill_price,mid_before_fill,markout_1s_ticks,markout_10s_ticks
SIMA,S,34321420295474,8500,outbid,0,2600,2600,0,183.3,,,,
SIMA,B,34321420295474,3200,swept,1500,1700,1700,0,0.0,19.99,19.995,-0.5,0.5
SIMA,S,34327820225534,8100,filled,7700,1200,600,0,0.0,19.99,19.985,-0.5,-0.5
SIMA,B,34327820225534,38700,outbid,900,5100,3400,-1700,-1326.3,,,,
SIMA,B,34333565163595,7700,filled,6500,2900,1300,0,0.0,19.99,19.995,0.5,0.5
SIMA,B,34339639538320,5100,filled,5200,12100,100,0,0.0,19.99,19.995,0.5,-0.5
SIMA,B,34352951445584,10700,filled,8400,2400,2400,0,10.0,19.99,19.995,-0.5,0.5
SIMA,S,34333565163595,21800,outbid,11200,45100,8600,-2000,-2000.0,,,,
SIMA,S,34358749288897,300,filled,1100,1200,0,0,0.0,19.99,19.985,-0.5,-0.5
SIMA,B,34358749288897,30100,outbid,400,1600,1400,-200,-65.5,,,,
SIMA,B,34365234998450,9900,filled,7200,7200,3200,0,0.0,19.99,19.995,0.5,-0.5
SIMA,B,34371309009005,7500,filled,6800,2400,800,0,0.0,19.99,19.995,-0.5,-1.0
SIMA,S,34365234998450,34000,outbid,5200,18500,9300,-9200,-3517.7,,,,
SIMA,B,34377223635627,27600,emptied,24900,2900,2700,0,0.0,19.98,19.985,-0.5,-0.5
SIMA,S,34377223635627,4700,outbid,2300,3600,800,-1600,-981.6,,,,
SIMA,S,34388637364718,2800,filled,3300,100,100,0,0.0,19.97,19.965,-0.5,-0.5
SIMA,B,34388637364718,22200,outbid,100,700,700,0,6.8,,,,
SIMA,S,34394762088813,9300,filled,8700,3100,700,0,0.0,19.98,19.975,-0.5,-0.5
SIMA,S,34401180112272,3000,emptied,3000,0,0,0,0.0,19.98,19.975,-0.5,-1.5
SIMA,B,34394762088813,12700,outbid,1200,9700,4700,-5000,-985.6,,,,
SIMA,S,34406969950946,19700,filled,17700,3500,2200,0,0.0,19.99,19.985,-0.5,-0.5
SIMA,B,34406969950946,8100,outbid,5300,2600,1300,-1300,-732.1,,,,
SIMA,B,34411771753022,1500,filled,1100,2400,500,0,0.0,19.99,19.995,0.5,0.5
SIMA,S,34411771753022,22200,filled,18700,21800,3600,0,0.0,20.0,19.995,0.5,0.5
SIMA,B,34417790475169,10400,filled,6800,9300,3700,0,0.0,19.99,19.995,0.5,0.5
SIMA,S,34424277433342,18500,filled,14500,9700,4500,0,0.0,20.0,19.995,0.5,-0.5
SIMA,B,34430878756453,19600,outbid,2300,3600,1700,-1900,-1370.5,,,,
SIMA,B,34437188838045,2200,filled,1700,11000,700,0,0.0,20.0,20.005,0.5,0.5
SIMA,S,34437188838045,19300,filled,14900,21800,4500,0,0.0,20.01,20.005,0.5,0.5
SIMA,B,34450180185080,19300,filled,13500,42700,5900,0,0.0,20.0,20.005,0.5,-0.5
SIMA,B,34476015988359,13700,filled,13200,700,600,0,0.0,20.0,20.005,-0.5,0.5
SIMA,S,34456368467701,22600,outbid,12500,34300,6400,-3700,-3700.0,,,,
SIMA,S,34481797664810,2600,filled,2100,600,600,0,236.9,20.0,19.995,0.5,-0.5
SIMA,B,34481797664810,29400,outbid,1600,4700,2000,-2700,-2174.4,,,,
SIMA,B,34487857182425,6100,filled,4900,6900,1700,0,0.0,20.0,20.005,0.5,-0.5
SIMA,B,34494136661560,3300,filled,3000,2600,400,0,0.0,20.0,20.005,0.5,-0.5
SIMA,S,34487857182425,28800,outbid,4700,26600,7100,-17000,-8560.7,,,,
SIMA,S,34500299744774,4000,filled,3500,6800,700,0,0.0,20.0,19.995,0.5,0.5
SIMA,B,34500299744774,31600,filled,27200,6800,4600,0,0.0,19.99,19.995,0.5,0.5
SIMA,S,34506534462147,7200,filled,5100,9300,2200,0,0.0,20.0,19.995,0.5,-0.5
SIMA,S,34518674211222,11600,filled,8800,4800,2900,0,0.0,20.0,19.995,-0.5,-0.5
SIMA,B,34512324139538,11900,outbid,3400,15100,2400,-6100,-3186.9,,,,
SIMA,B,34524843761846,4100,filled,3900,5200,400,0,0.0,20.0,20.005,0.5,0.5
SIMA,B,34530937708657,8900,filled,6300,13200,2700,0,0.0,20.0,20.005,0.5,0.5
SIMA,S,34524843761846,24600,filled,16700,51500,8100,0,0.0,20.01,20.005,0.5,-0.5
SIMA,S,34549486983298,26300,filled,23200,6000,3200,0,0.0,20.01,20.005,-0.0,-0.5
SIMA,B,34543475904069,17400,outbid,6200,18600,5700,-5500,-1842.3,,,,
SIMA,B,34560632558517,1100,filled,1200,1600,0,0,0.0,20.01,20.015,0.5,0.5
SIMA,B,34566819718647,6900,filled,5600,3400,1700,0,0.0,20.01,20.015,0.5,0.5
SIMA,S,34560632558517,19800,filled,13900,44900,6200,0,0.0,20.02,20.015,0.5,1.5
SIMA,B,34573294144586,10400,filled,7500,9500,3100,0,0.0,20.01,20.015,0.5,-0.5
SIMA,B,34585935134973,19800,filled,15300,5600,4700,0,0.0,20.01,20.015,-0.5,-0.5
SIMA,S,34585935134973,27000,outbid,2100,6200,5000,-1200,-706.2,,,,
SIMA,S,34591649914008,1500,filled,1300,2700,400,0,0.0,20.01,20.005,0.5,0.5
SIMA,S,34596849799751,4900,filled,2800,6900,2200,0,0.0,20.01,20.005,0.5,-0.5
SIMA,B,34591649914008,30500,filled,25600,16000,5000,0,0.0,20.0,20.005,0.5,1.5
SIMA,S,34603397323815,13400,filled,12200,1600,1300,0,168.4,20.01,20.005,0.5,-0.5
SIMA,B,34609486515130,16700,outbid,0,700,200,-500,-406.3,,,,
SIMA,B,34615489770402,6900,filled,5500,5900,1600,0,0.0,20.01,20.015,0.5,-0.5
SIMA,S,34609486515130,25700,outbid,4700,23500,7100,-13900,-5491.8,,,,
SIMA,B,34622001023890,700,swept,700,0,0,0,0.0,20.01,20.015,-0.5,-0.5
SIMA,B,34628687068365,23300,filled,19600,5300,3800,0,0.0,20.0,20.005,-0.5,0.5
SIMA,S,34628687068365,8000,outbid,3200,3200,800,-2400,-1031.0,,,,
SIMA,S,34641089550482,8300,filled,8400,2000,0,0,0.0,20.0,19.995,-0.5,-0.5
SIMA,B,34641089550482,22900,outbid,3300,4300,1800,-2500,-1470.9,,,,
SIMA,B,34646629265891,2900,filled,3000,500,0,0,0.0,20.0,20.005,0.5,0.5
SIMA,B,34652876310251,5700,filled,3600,5100,2200,0,383.0,20.0,20.005,0.5,0.5
SIMA,S,34646629265891,17100,filled,13600,25700,3600,0,0.0,20.01,20.005,0.5,-0.5
SIMA,S,34664287492211,10700,swept,10700,2100,0,0,0.0,20.01,20.005,-0.5,-0.5
SIMA,B,34658769810579,11100,outbid,2400,16100,5200,-3500,-2061.1,,,,
SIMA,B,34670150490098,4700,filled,2400,6000,2600,0,41.0,20.01,20.015,0.5,0.5
SIMA,B,34675856320291,10300,filled,7900,19900,2500,0,0.0,20.01,20.015,0.5,-0.5
SIMA,B,34694522612265,9500,filled,6900,4400,2700,0,0.0,20.01,20.015,-0.5,-0.5
SIMA,S,34670150490098,33400,outbid,16300,56800,13000,-4100,-4100.0,,,,
SIMA,S,34699777020785,2800,filled,2900,2700,100,0,0.0,20.01,20.005,0.5,0.5
SIMA,S,34712986917145,17700,filled,15900,2500,2000,0,52.2,20.01,20.005,-0.5,-0.5
SIMA,B,34699777020785,27800,outbid,13000,36800,12900,-1900,-1900.0,,,,
SIMA,B,34718881420971,1200,filled,500,1600,800,0,120.5,20.01,20.015,0.5,0.5
SIMA,S,34718881420971,34500,filled,24300,26700,10500,0,0.0,20.02,20.015,0.5,-1.5
SIMA,S,34737031115341,18100,filled,16800,1600,1400,0,0.0,20.02,20.015,-0.5,-1.5
SIMA,B,34725153590887,11800,outbid,3800,23700,4200,-3800,-1956.0,,,,
SIMA,B,34742200700160,300,swept,300,0,0,0,0.0,20.02,20.025,0.5,1.5
SIMA,S,34742200700160,12200,swept,12200,0,0,0,0.0,20.03,20.025,-0.5,-0.5
SIMA,B,34748447153612,3100,filled,2800,4800,500,0,0.0,20.03,20.035,0.5,0.5
SIMA,S,34748447153612,24200,filled,18800,12200,5600,0,0.0,20.04,20.035,0.5,0.5
SIMA,S,34760278588291,7900,filled,7900,100,100,0,63.6,20.04,20.035,0.5,0.5
SIMA,B,34754059816097,11800,filled,7000,15700,5100,0,0.0,20.03,20.035,0.5,0.5
SIMA,S,34766057560441,5100,filled,4300,15200,900,0,0.0,20.04,20.035,0.5,0.5
SIMA,B,34772662700542,19600,filled,15600,16900,4100,0,0.0,20.03,20.035,0.5,0.5
SIMA,B,34785921893669,19000,filled,18200,4400,1000,0,0.0,20.03,20.035,0.5,0.5
SIMA,B,34798160166427,3500,swept,3500,0,0,0,0.0,20.03,20.035,-0.5,0.5
SIMA,S,34785921893669,17400,outbid,6000,18400,4200,-7200,-4936.2,,,,
SIMA,B,34804216964180,2600,filled,3000,4900,100,0,0.0,20.03,20.035,0.5,1.5
SIMA,S,34804216964180,24400,filled,20900,8700,3800,0,0.0,20.04,20.035,0.5,-0.5
SIMA,B,34810364986925,12600,outbid,2600,5700,2100,-3600,-1558.9,,,,
SIMA,B,34815633393883,800,filled,800,1200,100,0,0.0,20.04,20.045,0.5,0.5
SIMA,B,34821937449580,9800,filled,8000,11300,2000,0,0.0,20.04,20.045,0.5,0.5
SIMA,B,34835178136921,3300,filled,2700,4000,700,0,0.0,20.04,20.045,0.5,-0.5
SIMA,B,34841914556203,2300,filled,2500,100,100,0,42.9,20.04,20.045,-0.5,-0.5
SIMA,S,34815633393883,26800,outbid,11400,43900,8900,-6500,-5158.5,,,,
SIMA,S,34848372526752,600,filled,700,400,0,0,0.0,20.04,20.035,0.5,-0.5
SIMA,B,34848372526752,23400,outbid,3600,12200,4900,-7300,-3704.9,,,,
SIMA,S,34854667769225,7300,swept,7300,0,0,0,0.0,20.04,20.035,-0.5,-0.5
SIMA,B,34860532920787,8400,filled,7000,10100,1500,0,0.0,20.04,20.045,0.5,-0.5
SIMA,S,34860532920787,32100,outbid,5900,16100,6300,-9800,-5175.7,,,,
SIMA,B,34873391073153,500,swept,500,0,0,0,0.0,20.04,20.045,-0.5,0.5
SIMA,S,34873391073153,29700,outbid,0,500,500,0,0.0,,,,
SIMA,S,34879223223046,4300,filled,3800,600,600,0,18.8,20.04,20.035,-0.5,0.5
SIMA,B,34879223223046,32900,outbid,200,3000,1600,-1400,-1230.6,,,,
SIMA,S,34885870911947,2100,filled,1700,3500,600,0,137.9,20.04,20.035,0.5,-0.5
SIMA,S,34892786327590,12400,filled,11600,2800,1000,0,0.0,20.04,20.035,-0.0,-0.5
SIMA,B,34885870911947,33500,outbid,3500,14800,4900,-9900,-5135.0,,,,
SIMA,B,34898962418408,6400,filled,3400,7700,3300,0,0.0,20.04,20.045,0.5,0.5
SIMA,B,34905564175470,7500,filled,4500,17600,3100,0,0.0,20.04,20.045,0.5,0.5
SIMA,S,34898962418408,31700,filled,19600,56600,12200,0,0.0,20.05,20.045,0.5,0.5
SIMA,B,34925514193425,17500,outbid,13800,14900,3300,-400,-400.0,,,,
SIMA,S,34937934915577,5600,swept,5600,0,0,0,0.0,20.05,20.045,-0.5,0.5
SIMA,S,34943485592979,4600,filled,3400,2300,1500,0,317.4,20.05,20.045,0.5,1.5
SIMA,B,34943485592979,16000,filled,15200,7400,900,0,0.0,20.04,20.045,0.5,0.5
SIMA,S,34949745687791,4000,filled,2500,4900,1700,0,24.5,20.05,20.045,0.5,0.5
SIMA,B,34955892287657,1400,swept,1400,0,0,0,0.0,20.04,20.045,0.5,0.5
SIMA,S,34955892287657,9400,outbid,0,100,100,0,0.0,,,,
SIMA,B,34961790866536,8900,filled,8100,10500,1200,0,0.0,20.04,20.045,0.5,-0.5
SIMA,B,34973607897617,23100,filled,20800,2500,2500,0,113.7,20.04,20.045,-0.5,-0.5
SIMA,S,34961790866536,15700,outbid,10000,29500,4800,-900,-900.0,,,,
SIMA,S,34985570159918,8400,filled,6200,13000,2300,0,0.0,20.04,20.035,0.5,0.5
SIMA,S,34998824871881,22000,filled,15800,37400,6300,0,0.0,20.04,20.035,0.5,0.5
SIMA,B,34985570159918,24300,filled,14300,63400,10100,0,0.0,20.03,20.035,0.5,0.5
SIMA,S,35022989144345,11000,swept,10700,300,300,0,0.0,20.04,20.035,0.5,0.5
SIMA,S,35028422394990,1200,swept,1200,200,0,0,0.0,20.04,20.035,0.5,0.5
SIMA,B,35022989144345,30800,filled,23900,29400,7000,0,0.0,20.03,20.035,0.5,0.5
SIMA,S,35034735662628,5400,outbid,4600,9300,500,-300,-300.0,,,,
SIMA,B,35046276897337,22200,outbid,0,200,200,0,0.0,,,,
SIMA,S,35046276897337,900,swept,900,0,0,0,0.0,20.03,20.025,-0.5,-1.5
SIMA,B,35052486860864,2200,filled,1200,3200,1100,0,2.8,20.03,20.035,1.5,1.5
SIMA,S,35052486860864,12900,filled,11600,1500,1500,0,48.5,20.04,20.035,-0.5,-0.5
SIMA,B,35057957599059,4900,filled,4800,11200,200,0,0.0,20.04,20.045,0.5,1.5
SIMA,S,35057957599059,30600,filled,25700,17100,5000,0,0.0,20.05,20.045,0.5,-0.5
SIMA,B,35070556998271,11000,outbid,1000,1900,1200,-700,-182.7,,,,
SIMA,B,35075748655140,3300,filled,1700,6900,1700,0,196.1,20.05,20.055,0.5,0.5
SIMA,B,35082040141223,20800,filled,17000,12700,4000,0,0.0,20.05,20.055,0.5,-0.5
SIMA,B,35094403791614,10200,filled,9300,2300,1200,0,0.0,20.05,20.055,0.5,-0.5
SIMA,B,35100370578886,2900,filled,3000,0,0,0,0.0,20.05,20.055,-0.5,-0.5
SIMA,S,35075748655140,28100,outbid,14500,49500,9400,-4200,-3972.7,,,,
SIMA,B,35106491385248,30500,filled,24600,6900,6000,0,0.0,20.04,20.045,0.5,1.5
SIMA,S,35106491385248,11200,filled,6500,17200,4900,0,0.0,20.05,20.045,0.5,-0.5
SIMA,B,35118553230152,8400,outbid,1800,2400,1000,-1400,-797.4,,,,
SIMA,B,35124650717850,3400,filled,3800,2300,300,0,0.0,20.05,20.055,0.5,1.5
SIMA,S,35124650717850,37000,filled,22800,20600,14300,0,0.0,20.06,20.055,0.5,0.5
SIMA,S,35137250462800,2800,swept,2500,300,300,0,0.0,20.06,20.055,-0.5,0.5
SIMA,B,35137250462800,10200,outbid,0,0,0,0,0.0,,,,
SIMA,S,35144094067580,100,filled,200,0,0,0,0.0,20.06,20.055,0.5,1.5
SIMA,B,35144094067580,11600,filled,10200,7100,1500,0,0.0,20.05,20.055,0.5,-0.5
SIMA,S,35150366238050,8000,outbid,3700,3600,2100,-1500,-536.7,,,,
SIMA,S,35156265595687,2100,filled,1500,2100,700,0,0.0,20.05,20.045,0.5,0.5
SIMA,S,35169198945933,2000,swept,1800,200,200,0,0.0,20.05,20.045,-0.5,0.5
SIMA,B,35156265595687,29100,outbid,6800,23300,10300,-12000,-4043.9,,,,
SIMA,S,35174900170270,2100,filled,1000,1200,1200,0,342.9,20.05,20.045,0.5,0.5
SIMA,S,35181893687360,5200,filled,4300,4200,1000,0,0.0,20.05,20.045,0.5,0.5
SIMA,S,35188083150591,7900,filled,7000,6700,1000,0,0.0,20.05,20.045,0.5,0.5
SIMA,B,35174900170270,24200,filled,20100,32400,4200,0,0.0,20.04,20.045,0.5,0.5
SIMA,B,35194333913107,16800,filled,14800,4900,2900,0,0.0,20.04,20.045,0.5,0.5
SIMA,S,35194333913107,9500,filled,4500,14200,5100,0,0.0,20.05,20.045,0.5,0.5
SIMA,B,35199964801640,8200,filled,6100,10000,2300,0,0.0,20.04,20.045,0.5,0.5
SIMA,B,35206495778968,11800,filled,9700,6200,2200,0,276.6,20.04,20.045,0.5,1.5
SIMA,S,35206495778968,15100,filled,10500,12800,4700,0,0.0,20.05,20.045,0.5,-0.5
SIMA,S,35219291562751,6700,emptied,5400,1300,1300,0,0.0,20.05,20.045,-0.5,-0.5
SIMA,B,35213014720289,11800,outbid,3800,8300,1800,-6200,-2291.4,,,,
SIMA,B,35224985067834,4500,filled,3600,3000,1000,0,0.0,20.05,20.055,0.5,0.5
SIMA,S,35224985067834,33900,filled,21700,34100,12300,0,0.0,20.06,20.055,0.5,-0.5
SIMA,B,35231694433575,11700,filled,7900,19900,4000,0,0.0,20.05,20.055,0.5,1.5
SIMA,S,35243712634519,17000,filled,14000,3700,3100,0,0.0,20.06,20.055,0.5,-0.5
SIMA,S,35249383245160,2800,filled,3100,0,0,0,0.0,20.06,20.055,-0.5,-0.5
SIMA,B,35249383245160,22000,outbid,900,2600,2600,0,47.8,,,,
SIMA,B,35255032857654,6200,filled,5000,5100,1300,0,0.0,20.06,20.065,1.0,1.5
SIMA,S,35255032857654,27500,filled,21900,7000,5700,0,0.0,20.07,20.065,-0.5,-0.5
SIMA,B,35266947097088,6000,emptied,5400,600,600,0,0.0,20.07,20.075,-0.5,-0.5
SIMA,S,35266947097088,9100,outbid,200,1900,600,-1300,-1080.7,,,,
SIMA,S,35273125116309,15100,outbid,0,0,0,0,0.0,,,,
SIMA,B,35273125116309,5500,swept,5500,0,0,0,0.0,20.07,20.075,-0.5,0.5
SIMA,B,35279628321872,900,filled,1300,0,0,0,0.0,20.07,20.075,0.5,-1.5
SIMA,S,35279628321872,16900,outbid,400,3500,1600,-1900,-1092.6,,,,
SIMA,B,35285869446615,12500,swept,10900,1900,1600,0,0.0,20.06,20.065,-0.5,-1.5
SIMA,S,35285869446615,2700,outbid,1800,1600,0,-900,-369.5,,,,
SIMA,B,35291221774090,15000,filled,13700,1900,1900,0,154.8,20.05,20.055,-0.5,-0.5
SIMA,S,35291221774090,1900,outbid,700,1700,100,-1100,-216.8,,,,
SIMA,S,35296774380348,6600,filled,5100,2300,1700,0,60.4,20.05,20.045,0.5,0.5
SIMA,S,35302884854672,1100,filled,700,1100,500,0,0.0,20.05,20.045,0.5,0.5
SIMA,S,35309257571061,4800,filled,3400,7800,1500,0,0.0,20.05,20.045,0.5,-0.5
SIMA,B,35296774380348,24100,outbid,12000,37500,10600,-1500,-1500.0,,,,
SIMA,S,35315247728912,7500,swept,6800,700,700,0,0.0,20.05,20.045,-0.5,-0.5
SIMA,S,35321872850983,2000,filled,1500,600,600,0,357.1,20.05,20.045,0.5,-0.5
SIMA,B,35321872850983,29100,outbid,900,5400,4600,-800,-572.7,,,,
SIMA,B,35328254546748,10500,filled,10400,4900,400,0,0.0,20.05,20.055,-0.5,-0.5
SIMA,S,35328254546748,28600,outbid,2900,8000,5900,-2100,-1292.8,,,,
SIMA,S,35333830143920,800,filled,900,300,0,0,0.0,20.05,20.045,0.5,0.5
SIMA,B,35333830143920,25700,filled,21600,10900,4300,0,0.0,20.04,20.045,0.5,0.5
SIMA,S,35339241088249,4500,filled,4800,7200,0,0,0.0,20.05,20.045,0.5,0.5
SIMA,S,35351822947018,12100,filled,10400,11700,1800,0,0.0,20.05,20.045,0.5,1.5
SIMA,B,35345485779426,16200,filled,10600,23900,5700,0,0.0,20.04,20.045,0.5,-0.5
SIMA,S,35364983255236,13300,outbid,1100,6600,3400,-3200,-1646.8,,,,
SIMA,B,35364983255236,12900,swept,12600,300,300,0,0.0,20.04,20.045,-0.5,0.5
SIMA,S,35370980747412,4900,filled,4600,2800,400,0,0.0,20.04,20.035,0.5,-0.5
SIMA,B,35370980747412,29300,outbid,6700,12900,5900,-7000,-3659.9,,,,
SIMA,S,35376395954074,11500,swept,9900,1600,1600,0,0.0,20.04,20.035,-0.5,-0.5
SIMA,B,35382353918380,12100,filled,10500,28100,1700,0,0.0,20.04,20.045,0.5,0.5
SIMA,B,35401166294078,11900,filled,11400,1100,600,0,0.0,20.04,20.045,0.5,-0.5
SIMA,S,35382353918380,18000,outbid,11800,31400,3000,-3200,-3200.0,,,,
SIMA,B,35406773368486,3000,filled,2500,600,600,0,317.7,20.04,20.045,0.5,-0.5
SIMA,S,35406773368486,31200,outbid,3900,9400,6700,-2700,-1094.3,,,,
SIMA,S,35413116970913,1400,filled,1400,3500,200,0,0.0,20.04,20.035,0.5,0.5
SIMA,S,35419486640089,5700,filled,4900,8100,900,0,0.0,20.04,20.035,0.5,1.5
SIMA,B,35413116970913,24800,filled,17300,19700,7600,0,0.0,20.03,20.035,0.5,-0.5
SIMA,B,35431584630780,16500,filled,16500,300,300,0,0.0,20.03,20.035,-0.5,-0.5
SIMA,S,35431584630780,15800,outbid,1600,5700,3300,-2400,-1547.3,,,,
SIMA,B,35442859127409,13300,filled,13300,2700,100,0,0.0,20.02,20.025,0.5,0.5
SIMA,S,35442859127409,9100,outbid,2900,6800,700,-5500,-2428.3,,,,
SIMA,B,35448934739556,5200,swept,4800,400,400,0,0.0,20.02,20.025,-0.5,0.5
SIMA,B,35454780522935,900,filled,500,7300,500,0,141.8,20.02,20.025,0.5,1.5
SIMA,S,35454780522935,15200,filled,11900,13500,3900,0,0.0,20.03,20.025,0.5,-0.5
SIMA,S,35466316107131,7400,filled,7300,200,200,0,50.0,20.03,20.025,-0.5,-0.5
SIMA,B,35461141202485,7000,outbid,2200,8900,700,-4100,-2210.9,,,,
SIMA,S,35479553588821,24600,filled,19400,28100,5400,0,0.0,20.04,20.035,0.5,0.5
SIMA,S,35498536058554,11800,swept,10700,1100,1100,0,0.0,20.04,20.035,-0.5,0.5
SIMA,B,35479553588821,17500,outbid,8500,33000,7100,-1900,-1900.0,,,,
SIMA,B,35504711559919,3200,filled,2500,1200,800,0,12.4,20.04,20.045,-0.5,-0.5
SIMA,S,35504711559919,27500,outbid,800,500,500,0,28.1,,,,
SIMA,B,35510695727437,19700,filled,18800,3400,1000,0,0.0,20.03,20.035,0.5,0.5
SIMA,S,35510695727437,7300,filled,5900,6100,1500,0,0.0,20.04,20.035,0.5,0.5
SIMA,B,35522499111666,12700,filled,11300,7700,1500,0,0.0,20.03,20.035,0.5,0.5
SIMA,S,35522499111666,13500,outbid,2700,18400,3500,-7300,-4450.6,,,,
SIMA,S,35534744600132,900,filled,400,600,600,0,55.6,20.03,20.025,0.5,0.5
SIMA,B,35534744600132,33600,outbid,3000,14900,7700,-7200,-4370.0,,,,
SIMA,B,35540955886080,1100,filled,700,1200,600,0,0.0,20.03,20.035,-0.5,-0.5
SIMA,S,35540955886080,19400,outbid,1800,2300,800,-1500,-1185.0,,,,
SIMA,B,35547206216904,36600,filled,28800,18600,8400,0,0.0,20.02,20.025,0.5,-1.5
SIMA,S,35547206216904,7900,outbid,3800,16900,1800,-2300,-1997.2,,,,
SIMA,B,35565011146626,5700,swept,5700,0,0,0,0.0,20.01,20.015,-0.5,-0.5
SIMA,S,35565011146626,3500,outbid,0,0,0,0,0.0,,,,
SIMA,S,35571170081816,8000,filled,4600,17100,3500,0,0.0,20.01,20.005,0.5,0.5
SIMA,B,35571170081816,18400,filled,13200,29700,5400,0,0.0,20.0,20.005,0.5,0.5
SIMA,S,35584310939020,9800,filled,7300,23300,2600,0,0.0,20.01,20.005,0.5,-0.5
SIMA,B,35597768017075,20800,filled,19800,5200,1800,0,0.0,20.0,20.005,0.5,1.5
SIMA,S,35602819416977,16200,filled,14000,4800,2500,0,0.0,20.01,20.005,0.5,0.5
SIMA,B,35608447118664,3800,outbid,1000,800,600,-200,-50.1,,,,
SIMA,S,35614927077071,25100,outbid,400,300,300,0,3.2,,,,
SIMA,B,35614927077071,10600,filled,8700,5100,2100,0,0.0,20.0,20.005,0.5,-0.5
SIMA,B,35621329381792,6800,filled,6700,1400,400,0,0.0,20.0,20.005,-0.5,-0.5
SIMA,S,35621329381792,7800,outbid,3000,1600,1200,-400,-53.3,,,,
SIMA,S,35627331646478,6100,filled,3800,13200,2400,0,0.0,20.0,19.995,0.5,0.5
SIMA,B,35627331646478,29300,filled,14700,41700,14700,0,0.0,19.99,19.995,0.5,0.5
SIMA,S,35641327038762,16400,filled,8900,26400,7700,0,0.0,20.0,19.995,0.5,-0.5
SIMA,B,35647609099031,18000,outbid,10800,29500,5500,-1700,-1700.0,,,,
SIMA,S,35667410183508,4600,swept,4200,400,400,0,0.0,20.0,19.995,-0.5,0.5
SIMA,S,35673603050445,23600,outbid,800,2700,1800,-900,-755.2,,,,
SIMA,B,35673603050445,12900,swept,11600,1700,1300,0,0.0,20.0,20.005,-0.5,0.5
SIMA,B,35679661862330,200,filled,300,0,0,0,0.0,20.0,20.005,0.5,-0.5
SIMA,S,35679661862330,25200,outbid,3100,16500,7700,-8800,-3229.6,,,,
SIMA,B,35686162265707,11800,swept,6800,5300,5000,0,0.0,20.0,20.005,-0.5,-0.5
SIMA,S,35692165290586,2300,filled,2200,6200,400,0,0.0,20.0,19.995,0.5,1.5
SIMA,B,35692165290586,25900,filled,23800,7900,2300,0,0.0,19.99,19.995,-0.5,-0.5
SIMA,S,35704693781826,2800,filled,3100,200,0,0,0.0,19.99,19.985,-0.5,-0.0
SIMA,B,35704693781826,30100,outbid,300,4500,3500,-1000,-896.8,,,,
SIMA,S,35710185873192,500,filled,600,0,0,0,0.0,19.99,19.985,0.5,-0.5
SIMA,B,35710185873192,24600,outbid,2400,7300,2400,-4900,-2950.2,,,,
SIMA,B,35722600751983,2500,filled,2500,600,100,0,0.0,19.99,19.995,0.5,-0.5
SIMA,S,35716069289346,15900,outbid,1600,13700,4200,-9500,-2705.3,,,,
SIMA,B,35728235122632,33400,outbid,100,500,500,0,0.0,,,,
SIMA,S,35728235122632,19600,outbid,700,2100,1600,-500,-416.8,,,,
SIMA,S,35734858846220,4300,filled,3600,4000,800,0,0.0,19.99,19.985,0.5,0.5
SIMA,S,35741338567504,7700,filled,6900,4200,1100,0,0.0,19.99,19.985,0.5,-0.5
SIMA,S,35747363251313,7200,filled,7100,1100,200,0,0.0,19.99,19.985,-0.5,-0.5
SIMA,B,35734858846220,46300,outbid,5900,31500,15900,-15600,-5488.7,,,,
SIMA,B,35753465591038,3200,filled,1400,6300,2300,0,815.3,19.99,19.995,0.5,0.5
SIMA,S,35753465591038,28600,filled,23900,20700,4800,0,0.0,20.0,19.995,0.5,0.5
SIMA,B,35759487905234,5900,filled,4800,9100,1300,0,0.0,19.99,19.995,0.5,0.5
SIMA,S,35772306383529,12900,filled,8600,16900,4400,0,0.0,20.0,19.995,0.5,0.5
SIMA,S,35784588548985,7700,filled,7000,1000,1000,0,37.5,20.0,19.995,-0.0,0.5
SIMA,B,35772306383529,11500,outbid,8500,19200,2500,-500,-500.0,,,,
SIMA,B,35790912445357,5100,filled,5300,900,100,0,0.0,20.0,20.005,-0.5,-0.5
SIMA,S,35790912445357,33600,outbid,2200,3000,2600,-400,-253.4,,,,
SIMA,B,35797220357839,24300,filled,18600,14900,5800,0,0.0,19.99,19.995,0.5,0.5
SIMA,S,35797220357839,7300,filled,5100,18300,2300,0,0.0,20.0,19.995,0.5,0.5
SIMA,B,35808821133345,7300,filled,7200,500,200,0,0.0,19.99,19.995,0.5,0.5
SIMA,B,35814881270817,7900,filled,4100,9800,3900,0,0.0,19.99,19.995,0.5,0.5
SIMA,B,35820827647122,14200,filled,13600,1300,900,0,0.0,19.99,19.995,-0.5,-0.5
SIMA,S,35814881270817,13300,outbid,7700,9800,3000,-2600,-2222.1,,,,
SIMA,S,35827151544145,900,filled,1100,0,0,0,0.0,19.99,19.985,-0.5,0.5
SIMA,B,35827151544145,38300,outbid,500,1400,1400,0,0.0,,,,
SIMA,B,35832391639298,3400,filled,2900,1900,600,0,0.0,19.99,19.995,0.0,-0.5
SIMA,S,35832391639298,18900,outbid,400,2200,1900,-300,-131.9,,,,
SIMA,S,35839120235471,3800,filled,3500,1000,500,0,49.5,19.99,19.985,0.5,0.5
SIMA,S,35845501664824,10700,filled,8300,15400,2600,0,0.0,19.99,19.985,0.5,0.5
SIMA,B,35839120235471,35500,filled,23600,41700,12100,0,0.0,19.98,19.985,0.5,-0.5
SIMA,B,35863517326846,21600,filled,21700,300,300,0,0.0,19.98,19.985,-0.5,-1.5
SIMA,S,35857688265927,17600,outbid,6300,14100,6400,-4900,-2221.0,,,,
SIMA,B,35875816300926,13400,emptied,11600,1900,1800,0,0.0,19.97,19.975,-0.5,-0.5
SIMA,S,35875816300926,6000,outbid,2300,600,100,-500,-274.0,,,,
SIMA,S,35881169660610,4500,filled,3800,6600,800,0,0.0,19.97,19.965,0.5,-0.5
SIMA,S,35893464563851,6400,swept,6000,1200,400,0,0.0,19.97,19.965,-0.5,0.5
SIMA,B,35881169660610,13600,outbid,7300,27300,3900,-2400,-2346.7,,,,
SIMA,S,35899364898455,1300,filled,1500,1800,0,0,0.0,19.97,19.965,0.5,-0.5
SIMA,S,35905500039440,10200,filled,10200,3300,200,0,0.0,19.97,19.965,-0.5,-0.5
SIMA,B,35899364898455,23300,outbid,4300,17600,7500,-10100,-3061.5,,,,
SIMA,B,35911377065578,1100,filled,1200,500,0,0,0.0,19.97,19.975,0.5,0.5
SIMA,S,35911377065578,21500,filled,16500,24900,5100,0,0.0,19.98,19.975,0.5,-0.5
SIMA,B,35917481964254,7200,filled,5100,14300,2200,0,0.0,19.97,19.975,0.5,1.5
SIMA,S,35929060929130,6100,swept,4900,1600,1200,0,0.0,19.98,19.975,-0.5,-0.5
SIMA,B,35935549205413,7300,filled,4900,9800,2500,0,0.0,19.98,19.985,0.5,0.0
SIMA,B,35941625334077,9200,filled,8400,8800,1400,0,0.0,19.98,19.985,0.5,-0.5
SIMA,S,35935549205413,24800,outbid,7200,30800,10400,-7200,-2201.7,,,,
SIMA,S,35953404049811,1500,filled,1600,1100,300,0,0.0,19.98,19.975,0.5,0.5
SIMA,B,35953404049811,11800,filled,10100,7700,1800,0,0.0,19.97,19.975,0.5,0.5
SIMA,S,35959274958543,14400,filled,11300,23400,3200,0,0.0,19.98,19.975,0.5,0.5
SIMA,B,35966015016796,11800,filled,8200,22900,3900,0,0.0,19.97,19.975,0.5,1.5
SIMA,S,35978730203294,19400,filled,17300,16000,2300,0,0.0,19.98,19.975,0.5,-0.5
SIMA,S,35989689027106,6700,swept,6300,400,400,0,0.0,19.98,19.975,-0.5,-0.5
SIMA,B,35984265825230,25500,outbid,2600,9100,4500,-4600,-2041.4,,,,
SIMA,B,35995952266290,7500,filled,4000,9300,3800,0,61.2,19.98,19.985,0.5,1.5
SIMA,S,35995952266290,23000,filled,20500,7300,2900,0,0.0,19.99,19.985,-0.5,0.5
SIMA,B,36001653246914,4600,outbid,2800,600,300,-300,-82.8,,,,
SIMA,B,36007235480920,3200,filled,2500,2100,800,0,0.0,19.99,19.995,0.5,0.5
SIMA,S,36007235480920,28400,outbid,3000,5200,3100,-2100,-1459.6,,,,
SIMA,S,36013795983896,4400,filled,3400,1100,1100,0,80.0,19.99,19.985,0.5,-0.5
SIMA,B,36013795983896,10200,outbid,0,4400,1400,-3000,-1302.7,,,,
SIMA,B,36019822373054,3500,filled,2000,4300,1700,0,0.0,19.99,19.995,0.5,0.5
SIMA,B,36026120336805,6000,filled,3700,9300,2600,0,0.0,19.99,19.995,0.5,1.5
SIMA,S,36019822373054,32000,filled,26000,36400,6600,0,0.0,20.0,19.995,0.5,-1.5
SIMA,B,36038291855976,19700,outbid,100,4300,2300,-2000,-1604.3,,,,
SIMA,B,36043671946297,500,filled,800,200,0,0,0.0,20.0,20.005,0.5,1.5
SIMA,S,36043671946297,16200,swept,16200,0,0,0,0.0,20.01,20.005,-0.5,-0.5
SIMA,B,36049877164645,4600,filled,4200,8500,500,0,0.0,20.01,20.015,0.5,0.5
SIMA,B,36063194041753,9100,filled,7800,5000,1700,0,0.0,20.01,20.015,0.5,-0.5
SIMA,S,36049877164645,21400,outbid,11400,29800,5100,-4900,-3386.7,,,,
SIMA,B,36069178554692,200,swept,200,0,0,0,0.0,20.01,20.015,-0.5,-0.5
SIMA,S,36075865265836,9600,filled,7700,13800,2100,0,0.0,20.01,20.005,0.5,1.5
SIMA,B,36075865265836,25400,filled,20300,22600,5300,0,0.0,20.0,20.005,0.5,-0.5
SIMA,S,36089189279586,14000,outbid,2300,7000,2200,-4800,-2334.8,,,,
SIMA,B,36094761621141,5000,swept,4700,300,300,0,0.0,20.0,20.005,-0.5,-0.5
SIMA,S,36101020597787,5800,filled,3600,15500,2600,0,0.0,20.0,19.995,0.5,0.5
SIMA,B,36101020597787,21600,filled,19100,9200,2600,0,0.0,19.99,19.995,0.5,1.5
SIMA,S,36114155208718,18800,filled,13700,11000,5300,0,0.0,20.0,19.995,0.5,-0.5
SIMA,B,36120698785846,22400,outbid,1100,3600,2700,-900,-642.4,,,,
SIMA,B,36126630750289,4400,filled,4600,4100,400,0,0.0,20.0,20.005,0.5,-0.5
SIMA,B,36133508850074,9900,filled,7700,6300,2400,0,0.0,20.0,20.005,0.5,-1.0
SIMA,S,36126630750289,24700,outbid,3600,20100,7000,-13100,-3705.8,,,,
SIMA,B,36139387167788,5800,swept,5800,0,0,0,0.0,20.0,20.005,-0.5,-1.5
SIMA,B,36145309147102,10100,filled,9700,500,500,0,0.0,19.99,19.995,-0.5,-0.5
SIMA,S,36145309147102,1200,filled,1700,200,0,0,0.0,20.0,19.995,1.5,1.5
SIMA,S,36150544842461,2800,filled,1600,1500,1300,0,170.0,19.99,19.985,0.5,0.5
SIMA,B,36150544842461,26100,filled,21800,22100,4600,0,0.0,19.98,19.985,0.5,0.5
SIMA,S,36157451817249,9700,filled,7400,19100,2400,0,0.0,19.99,19.985,0.5,0.5
SIMA,S,36175244507779,22400,filled,20600,8000,2200,0,0.0,19.99,19.985,0.5,0.5
SIMA,S,36187498047871,5700,filled,4800,2800,1000,0,0.0,19.99,19.985,0.5,0.5
SIMA,S,36194010745859,16600,filled,13100,10300,3800,0,0.0,19.99,19.985,-0.5,-0.5
SIMA,B,36168503623214,16100,filled,9200,45100,7000,0,0.0,19.98,19.985,1.5,1.5
SIMA,B,36205234411659,4000,filled,2000,8400,2200,0,399.6,19.99,19.995,0.5,0.5
SIMA,B,36217888557283,19400,filled,15000,16100,4700,0,0.0,19.99,19.995,0.5,-0.5
SIMA,S,36205234411659,26100,filled,15500,58600,10700,0,0.0,20.0,19.995,1.5,1.5
SIMA,B,36230763403299,15900,swept,14400,2000,1500,0,0.0,19.99,19.995,-0.5,-0.5
SIMA,B,36241684505536,9000,filled,7400,1800,1800,0,194.4,19.98,19.985,-0.5,-0.5
SIMA,S,36241684505536,11300,outbid,1100,3700,2700,-1000,-604.1,,,,
SIMA,S,36247885783873,4500,filled,4300,4400,400,0,0.0,19.98,19.975,-0.5,-0.5
SIMA,B,36247885783873,25700,outbid,3500,13500,9900,-3600,-1498.1,,,,
SIMA,B,36253606066666,200,emptied,200,500,0,0,0.0,19.98,19.985,-0.5,0.5
SIMA,S,36253606066666,15600,outbid,200,700,700,0,9.8,,,,
SIMA,S,36259669909409,15600,filled,14300,12000,1400,0,0.0,19.99,19.985,0.5,-0.5
SIMA,B,36259669909409,3700,filled,2100,13500,1800,0,7.5,19.98,19.985,1.5,1.5
SIMA,S,36271800324430,1800,emptied,1800,300,0,0,0.0,19.99,19.985,-0.5,-0.5
SIMA,S,36278051892738,30100,filled,25000,26500,5700,0,0.0,20.0,19.995,0.5,-1.5
SIMA,S,36297723869922,8300,emptied,7700,600,600,0,0.0,20.0,19.995,-0.5,-1.5
SIMA,B,36278051892738,12700,outbid,6000,22200,3800,-2900,-2393.5,,,,
SIMA,S,36303504866247,5100,swept,4100,1000,1000,0,0.0,20.01,20.005,-0.5,0.5
SIMA,B,36303504866247,1100,outbid,100,100,100,0,8.3,,,,
SIMA,B,36309787492327,5300,filled,5400,0,0,0,0.0,20.01,20.015,-0.5,-0.5
SIMA,S,36309787492327,19000,outbid,1100,5400,5200,-200,-46.1,,,,
SIMA,B,36316352342215,3200,emptied,2800,400,400,0,0.0,20.0,20.005,-0.5,0.5
SIMA,S,36316352342215,4800,outbid,400,900,100,-800,-688.5,,,,
SIMA,B,36321951916875,4600,filled,3200,5300,1500,0,115.3,20.0,20.005,0.5,0.5
SIMA,S,36321951916875,10600,filled,9400,14700,1700,0,0.0,20.01,20.005,0.5,0.5
SIMA,S,36335117541507,19600,filled,14900,12600,5000,0,0.0,20.01,20.005,0.5,0.5
SIMA,B,36328727484555,14800,outbid,8900,30700,5300,-600,-600.0,,,,
SIMA,S,36346411752689,400,swept,400,0,0,0,0.0,20.01,20.005,-0.5,-0.5
SIMA,S,36352438350787,2800,filled,2500,600,600,0,243.6,20.01,20.005,-0.0,0.5
SIMA,B,36352438350787,30000,outbid,700,4000,3100,-900,-604.2,,,,
SIMA,S,36358849599303,2300,filled,2300,3100,100,0,0.0,20.01,20.005,0.5,1.5
SIMA,B,36358849599303,32400,filled,26100,16500,6800,0,0.0,20.0,20.005,0.5,0.5
SIMA,S,36365284201093,7200,outbid,1800,6300,1200,-4200,-1485.5,,,,
SIMA,B,36371456915293,4900,swept,4800,400,100,0,0.0,20.0,20.005,-0.5,0.5
SIMA,S,36377632738130,2400,emptied,2100,300,300,0,0.0,20.0,19.995,-0.5,-0.5
SIMA,B,36377632738130,29300,outbid,700,1300,1300,0,4.5,,,,
SIMA,B,36383620876403,6100,filled,5800,700,600,0,0.0,20.0,20.005,-0.5,0.5
SIMA,S,36383620876403,23300,outbid,300,3500,3000,-500,-311.8,,,,
SIMA,B,36389645289706,3800,filled,3800,3900,100,0,0.0,20.0,20.005,0.5,0.5
SIMA,B,36395944247816,9900,filled,6500,13100,3500,0,0.0,20.0,20.005,0.5,0.5
SIMA,S,36389645289706,28600,filled,19400,27900,9300,0,0.0,20.01,20.005,0.5,0.5
SIMA,B,36408798585875,14400,filled,11100,18900,3500,0,0.0,20.0,20.005,0.5,0.5
SIMA,B,36428995856599,37700,filled,31100,9500,6800,0,0.0,20.0,20.005,-0.5,-0.5
SIMA,S,36415918284115,25200,outbid,13500,40100,6800,-4900,-4900.0,,,,
SIMA,S,36440362593205,3400,filled,1800,6100,1700,0,0.0,20.0,19.995,0.5,0.5
SIMA,B,36440362593205,27700,filled,24400,4800,3400,0,0.0,19.99,19.995,-0.5,0.5
SIMA,B,36452231812487,5100,filled,3000,4800,2200,0,853.8,19.99,19.995,0.5,0.5
SIMA,S,36452231812487,9600,filled,7400,12800,2300,0,0.0,20.0,19.995,0.5,0.5
SIMA,B,36457871208389,12400,filled,9300,21000,3200,0,0.0,19.99,19.995,0.5,-0.5
SIMA,B,36469825387203,11100,swept,10400,700,700,0,0.0,19.99,19.995,-0.5,-0.5
SIMA,S,36463352398272,11000,outbid,7800,7300,1600,-1600,-1043.9,,,,
SIMA,S,36476435701544,1500,filled,1600,400,0,0,0.0,19.99,19.985,0.5,0.5
SIMA,S,36482658726810,9700,filled,8400,6000,1500,0,0.0,19.99,19.985,0.5,-0.5
SIMA,B,36476435701544,25900,outbid,4900,28200,8000,-13000,-5420.9,,,,
SIMA,S,36494743231128,18800,swept,18600,700,200,0,0.0,20.0,19.995,-0.5,-1.5
SIMA,B,36494743231128,5800,outbid,2600,6400,1500,-1700,-1223.5,,,,
SIMA,B,36501139562622,2300,filled,1700,1000,700,0,58.3,20.0,20.005,0.5,1.5
SIMA,S,36501139562622,22400,filled,18100,5500,4500,0,0.0,20.01,20.005,-0.5,-0.5
SIMA,S,36507249338346,2600,swept,2500,100,100,0,0.0,20.01,20.005,-0.5,-0.5
SIMA,B,36507249338346,4300,outbid,0,800,800,0,0.0,,,,
SIMA,S,36513543908156,16400,filled,13200,11000,3600,0,0.0,20.02,20.015,0.5,-0.5
SIMA,B,36513543908156,12400,filled,8300,28400,4400,0,0.0,20.01,20.015,0.5,1.5
SIMA,S,36525732950682,7600,filled,7300,3400,500,0,0.0,20.02,20.015,0.5,-0.5
SIMA,B,36531515384010,500,filled,700,0,0,0,0.0,20.02,20.025,0.5,0.5
SIMA,B,36537538756294,11500,filled,8400,6500,3200,0,0.0,20.02,20.025,-0.5,-1.5
SIMA,S,36531515384010,12300,outbid,5200,16000,3600,-3500,-1921.5,,,,
SIMA,B,36543446760541,1400,swept,1400,0,0,0,0.0,20.02,20.025,-0.5,-1.5
SIMA,B,36548927666859,20100,filled,18900,1300,1300,0,42.9,20.01,20.015,-0.5,-0.5
SIMA,S,36548927666859,4100,outbid,1200,300,200,-100,-37.9,,,,
SIMA,S,36554803320929,9000,filled,5000,9100,4100,0,0.0,20.01,20.005,0.5,0.5
SIMA,S,36560732950850,11000,filled,9500,10500,1800,0,0.0,20.01,20.005,0.5,0.5
SIMA,S,36572982366560,15800,filled,13600,4000,2400,0,0.0,20.01,20.005,-0.5,0.5
SIMA,B,36554803320929,23400,outbid,8900,43100,9800,-4700,-2669.8,,,,
SIMA,B,36584611114090,34700,outbid,0,600,600,0,26.4,,,,
SIMA,S,36584611114090,2800,swept,2300,500,500,0,0.0,20.01,20.005,-0.5,-0.5
SIMA,B,36590911632846,33800,outbid,200,0,0,0,0.0,,,,
SIMA,S,36590911632846,35500,outbid,300,1100,700,-400,-336.8,,,,
SIMA,B,36597036736856,2400,filled,1400,1400,1100,0,232.1,20.01,20.015,0.5,0.5
SIMA,B,36603694062662,11000,filled,6700,14900,4400,0,0.0,20.01,20.015,0.5,0.5
SIMA,S,36597036736856,35300,filled,19600,54000,16000,0,0.0,20.02,20.015,0.5,-0.5
SIMA,S,36623676623226,25200,filled,22800,2500,2500,0,98.5,20.02,20.015,-0.0,-1.5
SIMA,B,36617090315326,15500,outbid,7700,18100,4900,-2900,-2900.0,,,,
SIMA,S,36635441624696,7100,emptied,6400,1400,700,0,0.0,20.03,20.025,-0.5,-1.5
SIMA,B,36635441624696,2600,outbid,400,700,500,-200,-64.5,,,,
SIMA,S,36641560065660,5500,filled,3900,1700,1700,0,44.4,20.04,20.035,-0.5,-0.5
SIMA,B,36641560065660,1900,outbid,800,0,0,0,0.0,,,,
SIMA,S,36648015101491,29300,filled,25500,11000,3900,0,0.0,20.05,20.045,-0.5,0.5
SIMA,B,36648015101491,8800,outbid,5000,10100,2000,-1800,-1080.8,,,,
SIMA,S,36660851392050,18300,outbid,700,4200,1700,-2500,-1139.8,,,,
SIMA,S,36667759888094,3700,filled,3100,2500,800,0,114.7,20.05,20.045,0.5,0.5
SIMA,B,36667759888094,17100,filled,13100,14100,4300,0,0.0,20.04,20.045,0.5,0.5
SIMA,S,36673711231462,13700,filled,11000,13700,2800,0,0.0,20.05,20.045,0.5,-0.5
SIMA,B,36679910695530,8300,filled,5200,8800,3200,0,0.0,20.04,20.045,0.5,1.5
SIMA,S,36692789538616,1800,filled,2200,0,0,0,0.0,20.05,20.045,-0.5,-0.5
SIMA,B,36692789538616,7000,outbid,0,200,0,-200,-149.7,,,,
SIMA,S,36698747405980,29000,filled,20000,18900,9100,0,0.0,20.06,20.055,0.5,0.5
SIMA,B,36698747405980,8200,filled,5500,16800,2800,0,0.0,20.05,20.055,0.5,0.5
SIMA,B,36717493670818,26700,filled,17200,32800,9700,0,0.0,20.05,20.055,0.5,-0.5
SIMA,B,36736158065991,10800,filled,9100,1900,1900,0,92.7,20.05,20.055,-0.5,-0.5
SIMA,S,36717493670818,18800,outbid,8500,29800,4900,-5400,-4326.6,,,,
SIMA,S,36742000634684,3700,filled,2400,6700,1400,0,0.0,20.05,20.045,0.5,-0.5
SIMA,S,36748555742517,11600,filled,9200,4700,2600,0,0.0,20.05,20.045,-0.5,-0.5
SIMA,B,36742000634684,31400,outbid,1500,23600,11000,-12600,-3880.1,,,,
SIMA,B,36754987245900,2400,filled,2700,4000,0,0,0.0,20.05,20.055,0.5,2.5
SIMA,S,36754987245900,28500,filled,26500,6900,2200,0,0.0,20.06,20.055,-0.0,-1.5
SIMA,B,36766658193988,3000,outbid,500,0,0,0,0.0,,,,
SIMA,S,36766658193988,5200,swept,5200,0,0,0,0.0,20.07,20.065,-0.5,-0.5
SIMA,B,36772722759848,8000,filled,7800,600,500,0,0.0,20.07,20.075,0.5,-0.5
SIMA,S,36772722759848,24500,outbid,2500,7100,5000,-2100,-760.1,,,,
SIMA,S,36779513521669,2000,filled,1700,2700,400,0,0.0,20.07,20.065,0.5,1.5
SIMA,B,36779513521669,12100,filled,9300,8500,3200,0,0.0,20.06,20.065,0.5,0.5
SIMA,S,36785812803651,5400,outbid,200,4100,2000,-2100,-737.1,,,,
SIMA,S,36792031209461,7900,filled,6200,2200,1800,0,326.2,20.06,20.055,0.5,-0.5
SIMA,B,36792031209461,16100,outbid,3300,2900,800,-2100,-1411.7,,,,
SIMA,S,36798062898080,17400,filled,16600,8200,1000,0,0.0,20.07,20.065,0.5,-0.5
SIMA,B,36798062898080,3600,outbid,2800,3800,500,-300,-300.0,,,,
SIMA,B,36809569819164,7800,filled,6900,4800,1000,0,0.0,20.07,20.075,0.5,0.5
SIMA,B,36815944700355,10300,filled,7400,13500,3000,0,0.0,20.07,20.075,0.5,0.5
SIMA,S,36809569819164,26500,filled,14300,65400,12300,0,0.0,20.08,20.075,0.5,0.5
SIMA,B,36828857947031,15200,filled,9500,28000,5800,0,0.0,20.07,20.075,0.5,0.5
SIMA,B,36849164995413,17600,filled,10200,21300,7500,0,0.0,20.07,20.075,0.5,0.5
SIMA,S,36842522360475,31500,outbid,11500,57600,11100,-8900,-8059.4,,,,
SIMA,B,36868567309696,5200,swept,3800,1400,1400,0,0.0,20.07,20.075,-0.5,0.5
SIMA,B,36875072756822,21300,outbid,0,0,0,0,0.0,,,,
SIMA,S,36875072756822,40200,outbid,700,2900,2900,0,98.3,,,,
SIMA,B,36881270640806,8700,filled,5000,14700,3800,0,0.0,20.07,20.075,0.5,1.5
SIMA,S,36881270640806,43600,filled,32000,25700,12000,0,0.0,20.08,20.075,0.5,-0.5
SIMA,B,36898510169612,1000,filled,1100,600,200,0,175.0,20.08,20.085,0.5,0.5
SIMA,B,36904113373420,8100,filled,6400,10800,1800,0,0.0,20.08,20.085,0.5,0.5
SIMA,S,36898510169612,16800,filled,13200,38500,3700,0,0.0,20.09,20.085,0.5,0.5
SIMA,B,36916829615020,18600,filled,12400,18500,7000,0,0.0,20.08,20.085,0.5,-0.5
SIMA,B,36930175314951,8100,filled,8200,0,0,0,0.0,20.08,20.085,-0.5,-0.5
SIMA,S,36923589520857,24900,outbid,3200,15700,4600,-11100,-6438.9,,,,
SIMA,S,36936018019553,3600,filled,2800,5600,1300,0,0.0,20.08,20.075,0.5,0.5
SIMA,B,36936018019553,31500,filled,22700,26300,9100,0,0.0,20.07,20.075,0.5,-0.5
SIMA,B,36954453744762,6300,swept,6300,0,0,0,0.0,20.07,20.075,-0.5,-0.5
SIMA,S,36942264206435,13200,outbid,4200,17700,5100,-3900,-2846.4,,,,
SIMA,B,36960304720132,15800,filled,14100,9000,1900,0,0.0,20.06,20.065,0.5,0.5
SIMA,S,36960304720132,4600,filled,4000,17500,700,0,0.0,20.07,20.065,0.5,0.5
SIMA,B,36972309838809,12800,filled,10000,12900,2900,0,0.0,20.06,20.065,0.5,0.5
SIMA,S,36972309838809,28600,filled,22300,17300,6400,0,0.0,20.07,20.065,0.5,0.5
SIMA,S,36990175536489,12000,filled,11000,8100,1200,0,0.0,20.07,20.065,0.5,-0.5
SIMA,B,36984087073072,17100,outbid,11400,36400,5000,-700,-700.0,,,,
SIMA,S,37008632230649,35800,outbid,100,1600,1600,0,17.9,,,,
SIMA,B,37008632230649,3400,swept,2600,800,800,0,0.0,20.07,20.075,-0.5,-0.5
SIMA,B,37015096097823,28300,filled,25100,11800,3300,0,0.0,20.06,20.065,0.5,0.5
SIMA,S,37015096097823,5100,filled,3900,17200,1500,0,0.0,20.07,20.065,0.5,0.5
SIMA,B,37026886280424,13400,filled,10300,21400,3200,0,0.0,20.06,20.065,0.5,0.5
SIMA,S,37032426628472,19400,filled,15800,23100,3900,0,0.0,20.07,20.065,0.5,0.5
SIMA,B,37051545907793,20400,filled,11800,17500,8800,0,0.0,20.06,20.065,0.5,0.5
SIMA,S,37051545907793,22400,outbid,6900,23500,11200,-4300,-157.4,,,,
SIMA,B,37063691598979,4100,swept,3800,300,300,0,0.0,20.06,20.065,-0.5,0.5
SIMA,S,37069952392850,2000,filled,2500,800,0,0,0.0,20.06,20.055,-0.5,-0.5
SIMA,B,37069952392850,24700,outbid,400,1700,1400,-300,-255.5,,,,
SIMA,B,37076704903223,7500,filled,5700,14500,2000,0,0.0,20.06,20.065,0.5,0.5
SIMA,S,37076704903223,24400,filled,17000,28700,7600,0,0.0,20.07,20.065,0.5,-0.5
SIMA,B,37089609511204,12900,outbid,3100,7300,2100,-5200,-2086.4,,,,
SIMA,S,37095873696251,8100,swept,6900,1200,1200,0,0.0,20.07,20.065,-0.5,-1.5
SIMA,S,37101216099440,21600,filled,17300,4400,4400,0,0.0,20.08,20.075,-0.5,-0.5
SIMA,B,37101216099440,4300,outbid,1500,1800,700,-1100,-518.9,,,,
SIMA,B,37106711465146,800,filled,500,400,400,0,133.3,20.08,20.085,0.5,0.5
SIMA,B,37112849195729,5300,filled,4100,3900,1400,0,0.0,20.08,20.085,0.5,1.5
SIMA,S,37106711465146,28600,filled,17800,30000,11000,0,0.0,20.09,20.085,0.5,-0.5
SIMA,B,37125335719945,1900,filled,1900,7600,900,0,0.0,20.09,20.095,0.5,0.5
SIMA,S,37125335719945,30400,filled,24700,19800,5800,0,0.0,20.1,20.095,0.5,-1.5
SIMA,B,37137906027345,14500,outbid,1700,8300,5300,-3000,-626.7,,,,
SIMA,B,37147949346915,3100,filled,3200,100,100,0,14.7,20.11,20.115,0.5,-0.5
SIMA,B,37153764497654,6500,filled,4600,4900,2100,0,0.0,20.11,20.115,0.5,0.5
SIMA,S,37147949346915,17000,outbid,5100,14100,6900,-5000,-251.9,,,,
SIMA,S,37160092139559,5000,filled,3000,3600,2100,0,0.0,20.11,20.105,-0.5,-0.5
SIMA,B,37160092139559,14900,outbid,200,1700,300,-1400,-1013.3,,,,
SIMA,B,37166065814350,7100,filled,6500,3600,700,0,0.0,20.11,20.115,0.5,0.5
SIMA,B,37172434163740,4200,filled,4500,1300,0,0,0.0,20.11,20.115,0.5,0.5
SIMA,B,37178564946035,1100,filled,1100,100,100,0,56.2,20.11,20.115,0.5,0.5
SIMA,B,37184808260086,3400,filled,2300,5200,1200,0,0.0,20.11,20.115,0.5,0.5
SIMA,S,37166065814350,24000,filled,14400,45600,9700,0,0.0,20.12,20.115,0.5,0.5
SIMA,S,37197293196090,14000,filled,14100,1300,500,0,149.3,20.12,20.115,0.5,-0.5
SIMA,S,37202763811749,5900,filled,4900,1500,1200,0,0.0,20.12,20.115,-0.5,-0.5
SIMA,B,37191938637358,11700,outbid,5900,17700,5200,-600,-600.0,,,,
SIMA,S,37209314239741,26100,filled,21100,11000,5100,0,0.0,20.13,20.125,-0.5,-0.5
SIMA,B,37209314239741,4500,outbid,2300,4600,200,-2000,-1191.1,,,,
SIMA,B,37221120957637,9600,outbid,0,800,600,-200,-174.8,,,,
SIMA,S,37221120957637,800,swept,700,100,100,0,0.0,20.13,20.125,-0.5,-0.5
SIMA,B,37227764962137,7000,filled,5400,2800,1800,0,415.2,20.13,20.135,0.5,-0.5
SIMA,S,37227764962137,22500,outbid,2900,4500,1600,-2900,-2065.3,,,,
SIMA,S,37233547500667,300,filled,500,0,0,0,0.0,20.13,20.125,0.5,0.5
SIMA,B,37233547500667,10300,filled,8800,6400,1800,0,0.0,20.12,20.125,0.5,-0.5
SIMA,B,37245459207662,8800,filled,8200,1200,700,0,0.0,20.12,20.125,-0.5,-0.5
SIMA,S,37239744458333,4100,outbid,2500,6500,1400,-200,151.7,,,,
SIMA,S,37251921006881,3800,filled,3600,4300,300,0,0.0,20.12,20.115,0.5,0.5
SIMA,B,37251921006881,22800,filled,14100,43200,8900,0,0.0,20.11,20.115,0.5,-0.5
SIMA,B,37270907947709,27000,emptied,23600,3400,3400,0,0.0,20.11,20.115,-0.5,-1.5
SIMA,S,37258627601539,16200,outbid,8200,28800,5400,-2600,-2600.0,,,,
SIMA,S,37281885187902,3900,outbid,0,700,700,0,50.0,,,,
SIMA,B,37281885187902,1500,swept,1500,0,0,0,0.0,20.1,20.105,-0.5,-0.5
SIMA,S,37288082333538,3100,filled,2600,6800,900,0,0.0,20.1,20.095,0.5,1.5
SIMA,B,37288082333538,26400,filled,20100,15000,6500,0,0.0,20.09,20.095,0.5,-1.5
SIMA,B,37300336840180,2200,swept,2200,0,0,0,0.0,20.09,20.095,-0.5,-1.5
SIMA,S,37300336840180,12400,outbid,0,0,0,0,0.0,,,,
SIMA,S,37306008051751,8200,outbid,500,1200,1200,0,118.7,,,,
SIMA,B,37306008051751,4100,swept,4100,0,0,0,0.0,20.08,20.085,0.5,0.5
SIMA,B,37311903746346,25100,outbid,0,0,0,0,0.0,,,,
SIMA,S,37311903746346,800,swept,800,0,0,0,0.0,20.08,20.075,-0.5,-0.5
SIMA,B,37318170506855,4300,filled,4000,7300,600,0,0.0,20.08,20.085,0.5,1.5
SIMA,S,37318170506855,20000,filled,13800,20800,6300,0,0.0,20.09,20.085,0.5,0.5
SIMA,S,37329607631581,13700,swept,13700,200,0,0,0.0,20.09,20.085,-0.5,0.5
SIMA,B,37323922400973,9400,outbid,3200,9800,2900,-3300,-1405.7,,,,
SIMA,B,37335480047544,4400,filled,4600,400,0,0,0.0,20.09,20.095,0.0,0.5
SIMA,S,37335480047544,39900,outbid,1100,5300,4400,-900,-517.3,,,,
SIMA,S,37342109585736,3900,filled,3600,1400,500,0,0.0,20.09,20.085,0.5,-0.5
SIMA,B,37342109585736,29300,outbid,3500,12500,7200,-5300,-3204.0,,,,
SIMA,S,37348178919603,200,alone,0,200,200,0,0.0,,,,
SIMA,B,37348178919603,25600,outbid,1900,6200,2300,-3900,-2626.5,,,,
SIMA,B,37353964575617,400,filled,500,0,0,0,0.0,20.09,20.095,0.5,0.0
SIMA,B,37360588388582,6400,filled,5000,5600,1600,0,0.0,20.09,20.095,0.5,0.5
SIMA,B,37366798493036,3100,filled,1800,8900,1700,0,0.0,20.09,20.095,0.5,-0.5
SIMA,B,37374119099317,8400,filled,6300,4400,2200,0,0.0,20.09,20.095,-0.5,-0.5
SIMA,S,37353964575617,35400,outbid,14200,33300,11300,-9900,-4957.5,,,,
SIMA,S,37379865993166,2700,filled,1900,5800,900,0,0.0,20.09,20.085,0.5,0.5
SIMA,S,37385859821055,7900,filled,6300,6400,2000,0,0.0,20.09,20.085,0.5,-0.5
SIMA,B,37379865993166,30400,outbid,10800,37700,8400,-11200,-8318.0,,,,
SIMA,B,37398228113025,1600,filled,900,1800,1000,0,123.4,20.09,20.095,0.5,2.5
SIMA,S,37398228113025,31700,filled,25900,7200,5900,0,0.0,20.1,20.095,-0.5,-1.5
SIMA,B,37403355682285,1600,outbid,0,700,0,-700,-487.0,,,,
SIMA,B,37408988563381,2300,filled,2400,4800,0,0,0.0,20.11,20.115,0.5,0.5
SIMA,S,37408988563381,19800,filled,14000,25700,5900,0,0.0,20.12,20.115,0.5,0.5
SIMA,B,37415700883786,12500,outbid,7100,14900,4100,-1300,-1300.0,,,,
SIMA,S,37427615086965,1900,swept,1900,0,0,0,0.0,20.12,20.115,-0.5,0.5
SIMA,S,37433469784628,1600,filled,800,3100,1000,0,359.1,20.12,20.115,0.5,0.5
SIMA,B,37433469784628,17700,filled,14300,18400,3500,0,0.0,20.11,20.115,0.5,0.5
SIMA,S,37439763576259,15500,filled,8300,33000,7300,0,0.0,20.12,20.115,0.5,0.5
SIMA,B,37452410556886,22200,filled,17900,11300,4800,0,0.0,20.11,20.115,0.5,0.5
SIMA,S,37458233459916,14900,filled,10800,15400,4200,0,0.0,20.12,20.115,0.5,0.5
SIMA,B,37463647541034,11500,filled,10500,10800,1200,0,0.0,20.11,20.115,0.5,0.5
SIMA,S,37469924180556,21200,filled,14400,20700,7000,0,0.0,20.12,20.115,0.5,-1.5
SIMA,B,37475884535702,13600,outbid,4900,14000,5100,-3600,-1327.7,,,,
SIMA,B,37486820622730,900,filled,900,3600,300,0,0.0,20.12,20.125,0.5,0.5
SIMA,S,37486820622730,5300,filled,5500,2400,100,0,0.0,20.13,20.125,0.5,0.5
SIMA,B,37492226816715,600,filled,900,0,0,0,0.0,20.13,20.135,-0.5,-0.5
SIMA,S,37492226816715,16600,outbid,0,500,500,0,11.8,,,,
SIMA,S,37498703166147,6900,filled,5600,1800,1700,0,29.3,20.13,20.125,-0.5,0.5
SIMA,B,37498703166147,11900,outbid,100,1300,900,-400,-95.9,,,,
SIMA,B,37505300344496,1900,filled,1500,1500,700,0,0.0,20.13,20.135,0.5,-0.5
SIMA,S,37505300344496,24900,outbid,900,2900,2200,-700,-472.0,,,,
SIMA,S,37511793953118,8600,filled,7600,1100,1100,0,244.1,20.13,20.125,-0.5,0.5
SIMA,B,37511793953118,18900,outbid,1500,5300,3400,-1900,-1079.9,,,,
SIMA,B,37517081462637,22200,outbid,0,300,300,0,7.9,,,,
SIMA,S,37517081462637,3200,swept,3200,0,0,0,0.0,20.13,20.125,-0.5,0.5
SIMA,S,37523186453718,500,filled,600,3800,100,0,0.0,20.13,20.125,0.5,-0.5
SIMA,S,37529513205384,9800,filled,8400,4500,1800,0,0.0,20.13,20.125,-0.5,-1.5
SIMA,B,37523186453718,22700,outbid,6000,16400,4200,-12200,-4231.4,,,,
SIMA,S,37535477283768,26900,filled,24600,2600,2400,0,35.9,20.14,20.135,-0.5,-0.5
SIMA,B,37535477283768,6900,outbid,1400,3400,2500,-900,-123.1,,,,
SIMA,B,37547014498833,5400,filled,5200,600,300,0,145.1,20.14,20.145,0.5,0.5
SIMA,S,37547014498833,28600,outbid,2100,7700,4100,-3600,-2203.2,,,,
SIMA,S,37553508220354,1900,swept,1900,0,0,0,0.0,20.14,20.135,-0.5,-0.5
SIMA,B,37553508220354,18300,outbid,0,0,0,0,0.0,,,,
SIMA,B,37559651238363,7500,filled,6600,10700,1900,0,0.0,20.14,20.145,0.5,0.5
SIMA,S,37559651238363,33800,filled,23900,25300,10100,0,0.0,20.15,20.145,0.5,0.5
SIMA,B,37571842505915,10700,filled,8500,18600,2400,0,0.0,20.14,20.145,0.5,0.5
SIMA,S,37583534206689,17000,outbid,400,1100,1100,0,0.0,,,,
SIMA,B,37583534206689,16000,swept,14400,1600,1600,0,0.0,20.14,20.145,0.5,0.5
SIMA,B,37589812341277,9700,filled,7600,12800,2200,0,0.0,20.14,20.145,0.5,0.5
SIMA,S,37589812341277,20900,filled,13300,41500,7900,0,0.0,20.15,20.145,0.5,0.5
SIMA,S,37614864555803,28300,filled,21200,26600,7200,0,0.0,20.15,20.145,0.5,-0.5
SIMA,B,37602313714033,17300,filled,13200,49700,4200,0,0.0,20.14,20.145,0.5,1.5
SIMA,S,37632840564603,4500,swept,4300,200,200,0,0.0,20.15,20.145,-0.5,-0.5
SIMA,S,37638791661416,1000,filled,600,500,500,0,115.4,20.15,20.145,-0.5,-0.5
SIMA,B,37638791661416,24200,outbid,0,900,500,-400,-386.5,,,,
SIMA,S,37645141915111,28600,filled,25400,4800,3300,0,0.0,20.16,20.155,0.5,1.5
SIMA,B,37645141915111,9600,outbid,2700,4700,1800,-2900,-1121.5,,,,
SIMA,B,37656333721738,15600,filled,13200,2900,2800,0,0.0,20.15,20.155,-0.5,-0.5
SIMA,S,37656333721738,7100,outbid,700,3100,1700,-1400,-671.1,,,,
SIMA,S,37662214250060,8100,filled,7900,9800,300,0,0.0,20.15,20.145,0.5,-0.5
SIMA,B,37662214250060,29900,outbid,7800,17500,7700,-9800,-3304.6,,,,
SIMA,B,37674667180639,1700,filled,1500,2100,300,0,0.0,20.15,20.155,0.5,1.5
SIMA,S,37674667180639,19900,filled,15500,15400,4500,0,0.0,20.16,20.155,0.5,-0.5
SIMA,S,37687042296317,1800,filled,1900,0,0,0,0.0,20.16,20.155,-0.5,-0.5
SIMA,B,37681611424168,13500,outbid,4000,5000,2800,-2200,-685.6,,,,
SIMA,B,37694073779078,12800,filled,10900,4900,2100,0,0.0,20.16,20.165,0.5,0.5
SIMA,S,37694073779078,30900,outbid,1000,10000,6000,-4000,-2310.9,,,,
SIMA,B,37699619503570,400,filled,500,0,0,0,0.0,20.16,20.165,0.5,0.5
SIMA,S,37699619503570,30200,outbid,0,1300,1300,0,4.1,,,,
SIMA,B,37705788202798,4400,filled,4600,1100,100,0,0.0,20.16,20.165,0.0,-0.5
SIMA,S,37705788202798,33400,outbid,2000,8900,6400,-2500,-1623.2,,,,
SIMA,S,37712069437062,3600,filled,3600,300,200,0,0.0,20.16,20.155,-0.0,0.5
SIMA,B,37712069437062,27400,outbid,300,2400,2100,-300,-174.5,,,,
SIMA,S,37718540184595,4600,filled,4100,6600,600,0,0.0,20.16,20.155,0.5,0.5
SIMA,S,37724354251725,8300,filled,7200,7000,1200,0,0.0,20.16,20.155,0.5,-0.5
SIMA,B,37718540184595,27700,outbid,10000,28600,8200,-9500,-5781.0,,,,
SIMA,B,37736721023490,4200,filled,4300,8500,0,0,0.0,20.16,20.165,0.5,0.5
SIMA,B,37749390979478,7200,filled,6200,1500,1100,0,0.0,20.16,20.165,-0.5,0.5
SIMA,S,37736721023490,37800,outbid,8400,38300,15300,-14100,-6194.3,,,,
SIMA,B,37755393827745,4200,filled,2900,10700,1400,0,0.0,20.16,20.165,0.5,2.5
SIMA,S,37755393827745,31200,filled,24300,18500,7000,0,0.0,20.17,20.165,0.5,-1.5
SIMA,S,37767058306960,1900,emptied,1900,0,0,0,0.0,20.17,20.165,-0.0,-1.5
SIMA,B,37767058306960,10600,outbid,200,300,300,0,0.0,,,,
SIMA,S,37772257856782,4900,emptied,4700,200,200,0,0.0,20.18,20.175,-0.5,-0.5
SIMA,B,37772257856782,2200,outbid,700,300,300,0,0.0,,,,
SIMA,B,37778294504374,2700,filled,2100,7200,700,0,0.0,20.18,20.185,0.5,0.5
SIMA,B,37784238583663,7000,filled,7200,2300,1000,0,0.0,20.18,20.185,0.0,0.5
SIMA,S,37778294504374,24000,outbid,9900,13700,6300,-7400,-2788.1,,,,
SIMA,B,37790589394586,5800,filled,5400,2300,800,0,0.0,20.18,20.185,0.5,-0.5
SIMA,B,37797089807075,4600,filled,4600,600,600,0,144.4,20.18,20.185,-0.5,-0.5
SIMA,S,37790589394586,18600,outbid,3300,9800,4400,-5400,-1818.7,,,,
SIMA,S,37803248107680,7500,filled,7000,1500,600,0,0.0,20.18,20.175,0.5,-0.5
SIMA,B,37803248107680,20700,outbid,1100,7000,4100,-2900,-1161.2,,,,
SIMA,S,37809043525294,25800,outbid,0,500,500,0,0.0,,,,
SIMA,B,37809043525294,27100,outbid,0,300,300,0,0.0,,,,
SIMA,B,37815931847232,6600,filled,5400,5300,1400,0,0.0,20.18,20.185,0.5,0.5
SIMA,S,37815931847232,33400,filled,21800,19300,11700,0,0.0,20.19,20.185,0.5,0.5
SIMA,B,37828004477991,10300,filled,7900,21600,2600,0,0.0,20.18,20.185,0.5,-0.5
SIMA,S,37834428179636,18700,outbid,11300,11200,4400,-3000,-2664.0,,,,
SIMA,S,37847198732793,500,filled,700,4900,0,0,0.0,20.18,20.175,0.5,1.5
SIMA,B,37847198732793,30000,filled,28000,6200,2300,0,0.0,20.17,20.175,0.5,-0.5
SIMA,B,37859359103989,5600,filled,5700,0,0,0,0.0,20.17,20.175,-0.5,-0.5
SIMA,S,37853687355871,10300,outbid,1600,10000,1800,-6900,-4048.3,,,,
SIMA,S,37864798817624,3200,filled,2800,2600,500,0,0.0,20.17,20.165,0.5,0.5
SIMA,B,37864798817624,26800,filled,19200,14900,7900,0,0.0,20.16,20.165,0.5,-0.5
SIMA,B,37877208915402,12100,filled,11000,2000,1600,0,0.0,20.16,20.165,-0.5,-0.5
SIMA,S,37870787126769,8100,outbid,4300,11000,1600,-2200,-1928.9,,,,
SIMA,S,37883280033015,5100,filled,3700,7100,2100,0,0.0,20.16,20.155,0.5,0.5
SIMA,B,37883280033015,27200,filled,23700,12300,3800,0,0.0,20.15,20.155,0.5,0.5
SIMA,S,37888421638196,9600,filled,6900,16300,3000,0,0.0,20.16,20.155,0.5,0.5
SIMA,B,37894459452170,7900,filled,7500,15400,500,0,0.0,20.15,20.155,0.5,-0.5
SIMA,B,37913503008413,1000,swept,1000,0,0,0,0.0,20.15,20.155,-0.5,-0.5
SIMA,S,37900967697642,23300,outbid,4300,16900,5200,-11700,-4595.2,,,,
SIMA,B,37920206248814,24800,filled,23000,24700,2400,0,0.0,20.14,20.145,0.5,0.0
SIMA,S,37920206248814,9700,filled,6900,35900,2900,0,0.0,20.15,20.145,0.5,0.5
SIMA,B,37939696424486,30400,filled,27300,3200,3200,0,0.0,20.14,20.145,0.0,-0.5
SIMA,S,37945090199821,26700,outbid,2400,5700,2200,-3500,-2790.7,,,,
SIMA,S,37951270677906,2000,filled,1700,800,400,0,0.0,20.14,20.135,-0.5,0.5
SIMA,B,37951270677906,31200,outbid,1400,5200,3100,-2100,-1566.9,,,,
SIMA,S,37956958291557,1000,filled,900,400,400,0,171.4,20.14,20.135,0.5,0.5
SIMA,S,37963530794402,8100,filled,5200,9300,3000,0,209.4,20.14,20.135,0.5,0.5
SIMA,B,37956958291557,25700,filled,16800,47400,9300,0,0.0,20.13,20.135,0.5,0.0
SIMA,B,37982282847719,27300,emptied,26900,400,400,0,0.0,20.13,20.135,-0.5,-1.5
SIMA,S,37976297641040,9900,outbid,5500,8700,1500,-2900,-1964.9,,,,
SIMA,B,37993808997992,2500,emptied,2500,0,0,0,0.0,20.12,20.125,-0.5,-0.5
SIMA,S,37993808997992,4400,outbid,100,0,0,0,0.0,,,,
SIMA,S,38000505805851,13400,filled,11800,2900,1700,0,0.0,20.12,20.115,-0.5,-0.5
SIMA,B,38000505805851,20800,outbid,2200,4700,3300,-1400,-667.3,,,,
SIMA,B,38006135255269,500,filled,600,100,100,0,0.0,20.12,20.125,0.5,-0.5
SIMA,B,38012635691930,10900,filled,9300,2000,2000,0,63.4,20.12,20.125,-0.5,-1.5
SIMA,S,38006135255269,24200,outbid,4100,12200,3900,-8300,-2970.2,,,,
SIMA,S,38019575098052,3300,outbid,800,2900,1700,-800,116.7,,,,
SIMA,B,38019575098052,16500,swept,15700,800,800,0,0.0,20.11,20.115,-0.5,0.5
SIMA,S,38025581799345,3100,filled,3100,4500,100,0,0.0,20.11,20.105,0.5,-1.5
SIMA,B,38025581799345,22500,outbid,1000,8200,1800,-6400,-4296.1,,,,
SIMA,B,38032217334358,3600,filled,1800,6300,2400,0,0.0,20.11,20.115,0.5,0.5
SIMA,S,38032217334358,8800,filled,7400,2200,1600,0,0.0,20.12,20.115,0.5,0.5
SIMA,S,38038084551764,600,filled,800,0,0,0,0.0,20.12,20.115,-0.5,0.5
SIMA,B,38038084551764,5500,outbid,100,0,0,0,0.0,,,,
SIMA,S,38044031426790,2500,filled,2500,6900,300,0,0.0,20.12,20.115,0.5,-0.5
SIMA,B,38044031426790,12400,outbid,2000,12300,5000,-5400,-2031.9,,,,
SIMA,S,38049919655904,5500,swept,4800,700,700,0,0.0,20.12,20.115,-0.5,-0.5
SIMA,S,38056421309012,20900,filled,18300,12300,2900,0,0.0,20.13,20.125,0.5,-0.5
SIMA,B,38056421309012,8200,outbid,4200,9300,1900,-2100,-1566.0,,,,
SIMA,B,38067740612515,1100,filled,800,700,400,0,226.8,20.13,20.135,0.5,0.5
SIMA,S,38067740612515,22300,outbid,800,8200,5900,-2300,-1017.9,,,,
SIMA,B,38073987697934,19700,outbid,600,1800,1400,-400,-316.3,,,,
SIMA,S,38073987697934,2900,swept,2900,0,0,0,0.0,20.13,20.125,-0.5,0.5
SIMA,B,38080161264831,4500,filled,4400,2300,300,0,0.0,20.13,20.135,-0.5,-0.5
SIMA,S,38080161264831,29600,outbid,1500,4100,1500,-2600,-2115.2,,,,
SIMA,S,38085972216803,2800,filled,2000,7900,900,0,0.0,20.13,20.125,0.5,0.5
SIMA,S,38092803059856,9000,filled,5800,14200,3400,0,0.0,20.13,20.125,0.5,0.5
SIMA,B,38085972216803,28300,filled,20000,55800,8700,0,0.0,20.12,20.125,0.5,0.5
SIMA,S,38105755007912,15400,filled,12100,25500,3400,0,0.0,20.13,20.125,0.5,0.5
SIMA,B,38118057683785,32800,filled,15800,42400,17200,0,0.0,20.12,20.125,0.5,-0.5
SIMA,B,38136256276877,16600,filled,15100,6800,1600,0,0.0,20.12,20.125,-0.5,-0.5
SIMA,S,38130570134560,23600,outbid,3400,14000,6100,-7900,-3044.8,,,,
SIMA,B,38141971793922,600,swept,600,0,0,0,0.0,20.12,20.125,-0.5,-0.5
SIMA,S,38148835230699,600,swept,600,0,0,0,0.0,20.12,20.115,-0.5,-0.5
SIMA,B,38148835230699,29100,outbid,0,1200,1200,0,2.1,,,,
SIMA,B,38154330418965,100,swept,100,0,0,0,0.0,20.12,20.125,0.5,0.5
SIMA,B,38160435256920,6800,filled,5600,3100,1300,0,0.0,20.12,20.125,0.5,0.5
SIMA,S,38154330418965,28000,filled,18600,43500,9700,0,0.0,20.13,20.125,0.5,-0.5
SIMA,S,38179763007397,22800,filled,19700,3400,3200,0,0.0,20.13,20.125,-0.5,-0.5
SIMA,B,38167094431269,10100,outbid,4500,23500,4100,-1500,-1500.0,,,,
SIMA,B,38185192517045,200,filled,400,0,0,0,0.0,20.13,20.135,0.5,0.5
SIMA,B,38191202748892,10600,filled,5900,24200,4800,0,0.0,20.13,20.135,0.5,0.5
SIMA,S,38185192517045,22100,filled,14800,36000,7500,0,0.0,20.14,20.135,0.5,0.5
SIMA,S,38210406690801,24300,filled,19800,12000,4600,0,0.0,20.14,20.135,0.5,-1.5
SIMA,B,38204432370150,12700,outbid,6600,26100,5300,-800,-800.0,,,,
SIMA,B,38220720346488,1300,filled,800,1900,700,0,349.7,20.14,20.145,0.5,0.5
SIMA,S,38220720346488,16500,filled,14600,2400,2400,0,398.4,20.15,20.145,-0.5,0.5
SIMA,B,38226754548826,1200,emptied,1200,0,0,0,0.0,20.15,20.155,0.5,-0.5
SIMA,S,38226754548826,15600,outbid,0,0,0,0,0.0,,,,
SIMA,B,38232843278541,1700,emptied,1700,200,0,0,0.0,20.15,20.155,-0.5,0.5
SIMA,S,38232843278541,28000,outbid,0,2100,2000,-100,-94.0,,,,
SIMA,S,38239615344560,5500,filled,2900,6100,2800,0,0.0,20.15,20.145,-0.5,-0.5
SIMA,B,38239615344560,16200,outbid,600,4900,3400,-1500,-714.5,,,,
SIMA,B,38245494341032,3000,filled,2900,6400,300,0,0.0,20.15,20.155,0.5,1.5
SIMA,S,38245494341032,30000,filled,22300,10800,7900,0,0.0,20.16,20.155,-0.5,-0.5
SIMA,B,38257100888073,500,filled,300,1100,500,0,186.7,20.16,20.165,0.5,1.0
SIMA,S,38257100888073,17200,filled,15400,5300,1900,0,0.0,20.17,20.165,0.5,-2.5
SIMA,B,38263022385920,10900,outbid,800,2200,2200,0,88.0,,,,
SIMA,S,38268572956377,800,swept,800,0,0,0,0.0,20.18,20.17,-0.5,-1.5
SIMA,B,38268572956377,9200,outbid,0,0,0,0,0.0,,,,
SIMA,S,38274620075443,12500,filled,11000,5400,1600,0,0.0,20.2,20.195,0.5,0.5
SIMA,B,38274620075443,6000,outbid,3700,15500,1700,-600,-600.0,,,,
SIMA,S,38286703267074,700,filled,800,0,0,0,0.0,20.2,20.195,0.5,0.5
SIMA,B,38286703267074,26400,outbid,0,1300,1300,0,12.2,,,,
SIMA,S,38293676773133,4900,filled,4600,9000,400,0,0.0,20.2,20.195,0.5,0.5
SIMA,B,38293676773133,27200,filled,21200,21500,6200,0,0.0,20.19,20.195,0.5,0.5
SIMA,S,38306256634291,13200,outbid,1000,5700,2600,-3100,-1680.7,,,,
SIMA,B,38312143513626,1400,alone,0,1400,1400,0,0.0,,,,
SIMA,B,38319150330076,7300,filled,7400,5700,0,0,0.0,20.19,20.195,0.5,-0.5
SIMA,S,38312143513626,13600,outbid,6900,30100,4500,-2200,-1490.6,,,,
SIMA,S,38331708230050,2500,filled,1600,5100,1000,0,0.0,20.19,20.185,0.5,1.5
SIMA,B,38331708230050,24700,filled,19800,7500,5500,0,45.7,20.18,20.185,0.0,-0.5
SIMA,S,38342952161379,3600,filled,2100,2700,1600,0,176.5,20.18,20.175,0.5,1.5
SIMA,B,38342952161379,28400,filled,24800,9000,3700,0,0.0,20.17,20.175,0.0,-0.5
SIMA,S,38348892428273,6100,outbid,1200,2100,1400,-700,-234.4,,,,
SIMA,S,38354845743681,2600,filled,2300,5300,400,0,0.0,20.17,20.165,0.5,0.5
SIMA,B,38354845743681,16400,filled,9900,35100,6700,0,0.0,20.16,20.165,0.5,-0.5
SIMA,S,38361124297607,17100,outbid,13100,33300,3800,-200,-200.0,,,,
SIMA,S,38385614598441,7200,filled,6300,5200,1000,0,0.0,20.16,20.155,0.5,-0.5
SIMA,S,38391566982613,8900,filled,7400,2500,1600,0,0.0,20.16,20.155,-0.5,-0.5
SIMA,B,38385614598441,28600,outbid,4200,13800,6800,-7000,-3002.8,,,,
SIMA,B,38397660159669,400,filled,600,0,0,0,0.0,20.16,20.165,0.5,0.5
SIMA,S,38397660159669,25600,filled,21800,10700,3900,0,0.0,20.17,20.165,0.5,0.5
SIMA,B,38403635129401,3500,filled,3000,3600,600,0,0.0,20.16,20.165,1.5,0.5
SIMA,B,38409040035041,1500,filled,1700,1500,0,0,0.0,20.17,20.175,-0.5,-0.5
SIMA,S,38409040035041,22000,outbid,1100,2500,2400,-100,-31.5,,,,
SIMA,S,38415035667594,6900,filled,6800,7200,400,0,0.0,20.17,20.165,0.5,1.5
SIMA,B,38415035667594,10100,filled,8500,9400,1900,0,0.0,20.16,20.165,0.5,-0.5
SIMA,B,38428215845467,12100,filled,11100,1200,1200,0,23.1,20.16,20.165,-0.5,-1.5
SIMA,S,38428215845467,12500,outbid,100,1300,1300,0,8.9,,,,
SIMA,S,38433797124157,1400,filled,1600,100,100,0,0.0,20.16,20.155,0.5,1.5
SIMA,B,38433797124157,16200,swept,15100,1100,1100,0,0.0,20.15,20.155,-0.5,-0.5
SIMA,S,38439134878446,7600,filled,6300,16500,1500,0,0.0,20.15,20.145,0.5,0.5
SIMA,S,38451809272930,17900,filled,16300,8200,1700,0,0.0,20.15,20.145,0.5,0.5
SIMA,B,38439134878446,22100,filled,14600,41600,7800,0,0.0,20.14,20.145,0.5,0.5
SIMA,B,38463313000192,25100,filled,22600,5500,2700,0,0.0,20.14,20.145,0.5,-0.5
SIMA,S,38463313000192,9600,outbid,3000,8200,2900,-3700,-867.6,,,,
SIMA,S,38474866228482,1300,filled,1300,500,300,0,0.0,20.14,20.135,0.5,0.5
SIMA,B,38474866228482,27100,filled,18500,27700,8800,0,0.0,20.13,20.135,0.5,0.5
SIMA,S,38480853280554,3500,filled,3600,16900,100,0,0.0,20.14,20.135,0.5,-0.5
SIMA,S,38493500882296,15800,filled,10800,7200,5100,0,0.0,20.14,20.135,0.5,-0.5
SIMA,S,38499134100530,6600,filled,6100,800,800,0,0.0,20.14,20.135,-0.5,-0.5
SIMA,B,38493500882296,16600,outbid,2200,8100,3800,-4300,-1791.8,,,,
SIMA,S,38505388175548,28500,filled,24500,13300,4400,0,0.0,20.15,20.145,0.5,-0.5
SIMA,B,38505388175548,9300,filled,4500,18400,4900,0,0.0,20.14,20.145,0.5,1.5
SIMA,B,38524564672658,8500,filled,5700,14700,2900,0,0.0,20.15,20.155,0.5,0.5
SIMA,S,38524564672658,21600,outbid,2400,4600,1900,-2700,-1870.2,,,,
SIMA,B,38531124062574,8400,swept,7600,800,800,0,0.0,20.15,20.155,0.5,0.5
SIMA,B,38537433285545,21200,outbid,100,1200,1200,0,21.4,,,,
SIMA,S,38537433285545,3200,swept,2300,900,900,0,0.0,20.15,20.145,-0.5,0.5
SIMA,S,38543118216578,31500,outbid,100,2800,2100,-700,-566.7,,,,
SIMA,B,38543118216578,3900,swept,3200,900,700,0,0.0,20.15,20.155,-0.5,0.5
SIMA,B,38549575272804,25600,outbid,0,300,300,0,0.0,,,,
SIMA,S,38549575272804,2800,swept,2800,0,0,0,0.0,20.15,20.145,-0.5,0.5
SIMA,S,38555780118482,1900,filled,2100,7800,0,0,0.0,20.15,20.145,0.5,0.5
SIMA,S,38569044507351,17600,filled,11700,16400,6000,0,0.0,20.15,20.145,0.5,-0.5
SIMA,B,38555780118482,27500,outbid,8000,39800,9700,-9800,-6636.7,,,,
SIMA,B,38580787845890,5800,filled,5100,5700,800,0,0.0,20.15,20.155,0.5,0.5
SIMA,S,38580787845890,31800,outbid,2600,14000,7700,-6300,-3033.4,,,,
SIMA,B,38587231093123,800,swept,800,0,0,0,0.0,20.15,20.155,-0.5,0.5
SIMA,B,38593753861579,7800,filled,5500,13200,2600,0,0.0,20.15,20.155,0.5,0.5
SIMA,S,38593753861579,30700,outbid,9500,21800,8600,-12600,-4374.4,,,,
SIMA,S,38606490685248,2900,filled,3000,3400,0,0,0.0,20.15,20.145,0.5,-0.5
SIMA,B,38606490685248,29800,outbid,1400,7200,5600,-1600,-624.8,,,,
SIMA,S,38612752920096,31600,filled,27700,4700,4000,0,0.0,20.16,20.155,-0.5,-0.5
SIMA,B,38612752920096,4600,outbid,1900,4700,1500,-1200,-435.9,,,,
SIMA,S,38625181268148,17500,filled,15800,5500,2100,0,0.0,20.17,20.165,0.5,-0.5
SIMA,S,38631469110891,5100,filled,4900,300,300,0,0.0,20.17,20.165,0.5,-0.5
SIMA,B,38625181268148,9100,outbid,2000,5700,700,-5000,-2065.7,,,,
SIMA,B,38637416104182,6800,filled,6100,900,800,0,12.3,20.17,20.175,-0.5,0.5
SIMA,S,38637416104182,28300,outbid,1000,3000,2200,-800,-510.0,,,,
SIMA,B,38643815447016,1700,filled,1300,2000,500,0,19.4,20.17,20.175,0.5,0.5
SIMA,S,38643815447016,33200,filled,27600,12900,5800,0,0.0,20.18,20.175,0.5,0.5
SIMA,S,38656125615907,6100,filled,5700,1400,500,0,292.5,20.18,20.175,0.5,0.5
SIMA,B,38650261431431,11000,filled,7600,15400,3600,0,0.0,20.17,20.175,0.5,-0.5
SIMA,B,38669531043005,13800,filled,12400,2500,1600,0,0.0,20.17,20.175,-0.5,-0.5
SIMA,S,38662719607299,12500,outbid,3600,8000,2500,-5500,-2615.2,,,,
SIMA,S,38675636088629,2700,filled,1100,4100,1700,0,733.0,20.17,20.165,0.5,0.5
SIMA,B,38675636088629,35800,filled,22500,26700,13400,0,0.0,20.16,20.165,0.5,-0.5
SIMA,B,38693715885641,6600,filled,6700,0,0,0,0.0,20.16,20.165,-0.5,-0.5
SIMA,S,38682177582080,15000,outbid,5000,14400,2300,-7700,-4507.1,,,,
SIMA,S,38700495821379,8600,filled,5700,7500,3000,0,0.0,20.16,20.155,0.5,0.5
SIMA,B,38700495821379,28500,filled,19100,30600,9500,0,0.0,20.15,20.155,0.5,-0.5
SIMA,S,38707189825976,10200,filled,5200,24700,5400,0,0.0,20.16,20.155,0.5,1.5
SIMA,S,38725478273120,500,filled,600,0,0,0,0.0,20.15,20.145,0.5,1.5
SIMA,B,38725478273120,27400,filled,24300,4700,3200,0,0.0,20.14,20.145,-0.5,-0.5
SIMA,S,38731151750648,4000,outbid,800,0,0,0,0.0,,,,
SIMA,S,38737657025471,10000,filled,6400,18700,3800,0,0.0,20.14,20.135,0.5,0.5
SIMA,B,38737657025471,21200,filled,16200,28800,5100,0,0.0,20.13,20.135,0.5,0.5
SIMA,S,38756293304668,19800,filled,17000,13300,2900,0,0.0,20.14,20.135,0.5,0.5
SIMA,S,38769386523925,6600,emptied,6600,0,0,0,0.0,20.14,20.135,-0.5,0.5
SIMA,B,38763183036692,31600,outbid,2600,15000,10400,-4600,-1656.2,,,,
SIMA,S,38776174264121,100,filled,400,200,0,0,0.0,20.14,20.135,0.5,-0.5
SIMA,S,38783331730282,8100,filled,6800,1500,1500,0,109.4,20.14,20.135,-0.5,0.5
SIMA,B,38776174264121,30200,outbid,5000,15500,4800,-10700,-5623.6,,,,
SIMA,S,38789531682298,27100,outbid,0,0,0,0,0.0,,,,
SIMA,B,38789531682298,31300,outbid,500,700,600,-100,-95.2,,,,
SIMA,B,38796049879273,21800,filled,17900,8200,4000,0,0.0,20.13,20.135,0.5,-0.5
SIMA,S,38796049879273,7300,outbid,3200,6900,2100,-2000,-1121.5,,,,
SIMA,S,38808291284960,1200,filled,1600,1000,0,0,0.0,20.13,20.125,0.5,0.5
SIMA,S,38814472592960,9400,filled,9300,7000,400,0,0.0,20.13,20.125,0.5,0.5
SIMA,B,38808291284960,17900,filled,15700,29200,2300,0,0.0,20.12,20.125,0.5,0.5
SIMA,S,38827879631934,12000,filled,10500,15400,1900,0,0.0,20.13,20.125,0.5,-0.5
SIMA,B,38833949099476,22300,outbid,4400,16100,4000,-12100,-5249.7,,,,
SIMA,B,38846360049627,3200,filled,1100,5400,2200,0,156.3,20.13,20.135,0.5,1.5
SIMA,S,38846360049627,36800,filled,27400,14600,9500,0,0.0,20.14,20.135,-0.5,-0.5
SIMA,B,38852775886287,8500,outbid,2400,4200,3700,-500,-327.9,,,,
SIMA,B,38858315120476,2100,filled,1800,900,400,0,0.0,20.14,20.145,0.5,-0.5
SIMA,B,38864495928474,8000,filled,7700,1000,800,0,38.8,20.14,20.145,-0.5,-0.5
SIMA,S,38858315120476,20200,outbid,4100,12800,5000,-7800,-2529.8,,,,
SIMA,B,38870789009280,17600,filled,13100,15500,4900,0,0.0,20.13,20.135,0.5,-0.5
SIMA,S,38870789009280,7500,outbid,5600,15600,1000,-900,-900.0,,,,
SIMA,B,38883874459268,6600,swept,6600,0,0,0,0.0,20.13,20.135,-0.5,-0.5
SIMA,S,38889679591013,1700,filled,1100,2400,700,0,78.6,20.13,20.125,0.5,0.5
SIMA,S,38896656259165,6200,filled,4100,5200,2400,0,48.4,20.13,20.125,0.5,0.5
SIMA,S,38903172191460,3800,filled,3700,3500,400,0,0.0,20.13,20.125,0.5,0.5
SIMA,S,38909874125119,7300,filled,6900,13100,1000,0,0.0,20.13,20.125,0.5,-0.5
SIMA,S,38922830438444,8600,filled,8800,0,0,0,0.0,20.13,20.125,-0.5,0.5
SIMA,B,38889679591013,31700,outbid,16000,57700,11700,-4000,-4000.0,,,,
SIMA,B,38928908518298,3900,filled,3300,6100,700,0,0.0,20.13,20.135,-0.5,-0.5
SIMA,S,38928908518298,32300,outbid,2300,4300,3100,-1200,-873.7,,,,
SIMA,S,38935323956550,1400,filled,1600,100,0,0,0.0,20.13,20.125,0.5,0.5
SIMA,B,38935323956550,24000,filled,17000,28400,7100,0,0.0,20.12,20.125,0.5,0.5
SIMA,S,38942627594846,10200,filled,7200,33100,3100,0,0.0,20.13,20.125,0.5,1.5
SIMA,B,38961371075154,18500,filled,15500,7300,3200,0,0.0,20.12,20.125,-0.5,-0.5
SIMA,S,38967398678545,19200,outbid,300,1000,700,-300,-244.4,,,,
SIMA,B,38973110716385,18800,filled,14900,7500,4300,0,0.0,20.11,20.115,0.5,-1.5
SIMA,S,38973110716385,5800,outbid,4700,10800,1100,0,0.0,,,,
SIMA,B,38978700728394,2700,swept,2700,0,0,0,0.0,20.11,20.115,-0.5,-1.5
SIMA,B,38984762309554,8900,swept,8900,0,0,0,0.0,20.1,20.105,-0.5,-0.5
SIMA,S,38984762309554,8200,outbid,0,0,0,0,0.0,,,,
SIMA,S,38990561210041,4200,filled,4900,2300,100,0,0.0,20.1,20.095,0.5,0.5
SIMA,S,38996792447321,17400,filled,12100,25900,5400,0,0.0,20.1,20.095,0.5,0.5
SIMA,S,39015705051884,18700,filled,14500,4400,4300,0,102.7,20.1,20.095,-0.5,-0.5
SIMA,B,38990561210041,22200,outbid,12800,50900,7500,-1900,-1900.0,,,,
SIMA,B,39021467326323,900,filled,800,700,500,0,0.0,20.1,20.105,0.5,0.5
SIMA,B,39028139476170,12100,filled,9900,15000,2400,0,0.0,20.1,20.105,0.5,0.5
SIMA,B,39047209290830,17400,filled,14500,11100,3000,0,0.0,20.1,20.105,0.5,-0.5
SIMA,S,39021467326323,30900,outbid,19000,82700,11400,-500,-500.0,,,,
SIMA,B,39059809938883,10500,swept,9300,1200,1200,0,0.0,20.1,20.105,-0.5,-0.5
SIMA,S,39066628018257,2100,filled,1900,1500,400,0,0.0,20.1,20.095,0.5,0.5
SIMA,S,39073644574282,3600,filled,3700,400,0,0,0.0,20.1,20.095,-0.0,0.5
SIMA,B,39066628018257,39100,outbid,2000,10200,6600,-3600,-1766.3,,,,
SIMA,S,39079735715663,1400,filled,1700,200,0,0,0.0,20.1,20.095,0.5,-0.5
SIMA,S,39086250360904,2300,filled,1400,1000,1000,0,30.0,20.1,20.095,0.5,-0.5
SIMA,B,39079735715663,45900,outbid,3200,18100,9100,-9000,-4458.9,,,,
SIMA,B,39092961020458,3900,filled,3700,2700,700,0,0.0,20.1,20.105,0.5,0.5
SIMA,B,39100051340826,3500,filled,2200,7000,1400,0,0.0,20.1,20.105,0.5,0.5
SIMA,B,39106872722509,9100,filled,7500,12100,1700,0,0.0,20.1,20.105,0.5,0.5
SIMA,S,39092961020458,33800,filled,24700,60000,9500,0,0.0,20.11,20.105,0.5,-0.5
SIMA,S,39126286464395,20500,filled,17800,4700,2800,0,0.0,20.11,20.105,-0.5,-1.5
SIMA,B,39126286464395,10400,outbid,2400,9200,2000,-6000,-2830.6,,,,
SIMA,S,39137825127464,19900,filled,18600,1500,1500,0,0.0,20.12,20.115,-0.5,0.5
SIMA,B,39137825127464,11500,outbid,1400,7400,4500,-2900,-1246.7,,,,
SIMA,B,39143386251984,1700,filled,1200,700,700,0,213.0,20.12,20.125,0.5,-0.5
SIMA,S,39143386251984,19400,outbid,4700,10300,4700,-5600,-1721.4,,,,
SIMA,B,39149347977815,7100,swept,6700,400,400,0,0.0,20.12,20.125,-0.5,-0.5
SIMA,S,39155389772666,3500,filled,3400,4100,300,0,0.0,20.12,20.115,0.5,0.5
SIMA,S,39161648890248,8700,filled,5600,6500,3200,0,0.0,20.12,20.115,0.5,-0.5
SIMA,S,39167596728352,4600,filled,4700,2000,300,0,0.0,20.12,20.115,-0.5,-0.5
SIMA,B,39155389772666,13300,outbid,5400,28100,6000,-1900,-1900.0,,,,
SIMA,B,39174023990288,4000,filled,4200,5800,300,0,0.0,20.12,20.125,0.5,0.5
SIMA,B,39180025343866,10300,filled,8600,20100,1900,0,0.0,20.12,20.125,0.5,-0.5
SIMA,S,39174023990288,30500,outbid,20200,47400,8500,-1800,-1800.0,,,,
SIMA,B,39199290204764,9900,swept,9100,800,800,0,0.0,20.12,20.125,-0.5,-0.5
SIMA,S,39205597855403,5400,filled,3400,10400,2200,0,0.0,20.12,20.115,0.5,0.5
SIMA,B,39205597855403,21600,filled,15000,42100,6700,0,0.0,20.11,20.115,0.5,-0.5
SIMA,S,39218543504370,12000,filled,10700,11700,1500,0,0.0,20.12,20.115,0.5,1.5
SIMA,B,39231467610623,30800,filled,26300,5500,4600,0,0.0,20.11,20.115,-0.5,0.5
SIMA,S,39231467610623,12100,outbid,2300,5400,1900,-3500,-1881.9,,,,
SIMA,S,39242481412226,6400,filled,3100,10400,3500,0,0.0,20.11,20.105,0.5,0.5
SIMA,B,39242481412226,28500,outbid,3700,13400,8700,-4700,-1716.7,,,,
SIMA,B,39248918577753,25700,outbid,100,0,0,0,0.0,,,,
SIMA,B,39254993460027,4600,swept,3500,1100,1100,0,0.0,20.11,20.115,-0.5,-0.5
SIMA,S,39248918577753,18600,outbid,4300,15300,4600,-9700,-3551.7,,,,
SIMA,S,39260767853995,6200,filled,5900,4300,800,0,0.0,20.11,20.105,-0.5,-0.5
SIMA,B,39260767853995,30500,outbid,2500,9200,2800,-6400,-4486.3,,,,
SIMA,S,39267191707442,300,filled,400,0,0,0,0.0,20.11,20.105,-0.5,-0.5
SIMA,B,39267191707442,33400,outbid,0,400,400,0,4.7,,,,
SIMA,B,39273399312486,11800,filled,9300,17600,2800,0,0.0,20.11,20.115,0.5,0.5
SIMA,S,39273399312486,31500,outbid,11700,15000,5000,-10000,-3742.1,,,,
SIMA,B,39284743904118,1400,swept,1400,0,0,0,0.0,20.11,20.115,0.5,0.5
SIMA,S,39290817832816,33200,filled,27200,15200,6100,0,0.0,20.12,20.115,-0.5,-1.5
SIMA,B,39290817832816,9300,outbid,6800,10300,2400,-100,-100.0,,,,
SIMA,S,39308296331193,5600,filled,5700,0,0,0,0.0,20.13,20.125,-0.5,-0.5
SIMA,B,39308296331193,700,outbid,100,300,300,0,80.0,,,,
SIMA,B,39315259188398,6900,filled,3500,13300,3600,0,0.0,20.13,20.135,0.5,0.5
SIMA,B,39327615102083,14200,filled,11900,7200,2400,0,0.0,20.13,20.135,0.0,-0.5
SIMA,S,39315259188398,26900,outbid,10300,37800,9100,-7500,-3412.3,,,,
SIMA,S,39340877245635,6500,filled,6200,8500,500,0,0.0,20.13,20.125,0.5,-0.5
SIMA,B,39340877245635,16000,outbid,5300,23800,3900,-6800,-3940.7,,,,
SIMA,S,39353680588100,7200,swept,7200,300,0,0,0.0,20.13,20.125,-0.5,-0.5
SIMA,S,39359474153923,35200,filled,29700,8200,5800,0,0.0,20.14,20.135,-0.5,-0.5
SIMA,B,39359474153923,3200,outbid,2600,9000,600,0,0.0,,,,
SIMA,B,39371627765586,800,filled,1000,500,100,0,0.0,20.14,20.145,1.5,1.5
SIMA,S,39371627765586,6100,filled,6300,0,0,0,0.0,20.15,20.145,-0.5,-0.5
SIMA,S,39377688431589,1700,filled,1200,800,600,0,418.0,20.15,20.145,0.5,0.5
SIMA,B,39377688431589,6900,outbid,3800,3300,1900,-1200,209.5,,,,
SIMA,B,39383758945586,4500,filled,4200,2300,400,0,0.0,20.15,20.155,0.5,-0.5
SIMA,S,39383758945586,16900,outbid,2900,4300,1100,-3200,-2204.6,,,,
SIMA,B,39390047538899,12500,filled,11500,4900,1100,0,0.0,20.14,20.145,0.5,-0.5
SIMA,S,39390047538899,5800,outbid,4200,9900,1000,-600,-600.0,,,,
SIMA,S,39401818997964,3000,filled,2800,2100,600,0,0.0,20.14,20.135,0.5,0.5
SIMA,B,39401818997964,21200,filled,16300,23400,5300,0,0.0,20.13,20.135,0.5,-0.5
SIMA,B,39420253628255,12200,filled,11900,400,400,0,8.3,20.13,20.135,-0.5,-0.5
SIMA,S,39408401648723,5600,filled,5100,13500,600,0,0.0,20.14,20.135,1.5,1.5
SIMA,S,39426304084144,2200,filled,1100,2100,1200,0,551.4,20.13,20.125,0.5,0.5
SIMA,B,39426304084144,29000,filled,24100,26800,5000,0,0.0,20.12,20.125,0.5,0.5
SIMA,B,39444644726940,1400,emptied,1400,0,0,0,0.0,20.12,20.125,-0.5,0.5
SIMA,S,39431900637604,9100,outbid,5500,13600,2700,-900,-900.0,,,,
SIMA,S,39451111681794,19600,filled,18600,5400,1500,0,0.0,20.13,20.125,0.5,0.5
SIMA,B,39451111681794,3600,filled,3700,9800,300,0,0.0,20.12,20.125,0.5,0.5
SIMA,B,39463309370473,18200,filled,14100,5900,4200,0,469.9,20.12,20.125,0.5,-0.5
SIMA,S,39463309370473,13200,outbid,900,9800,4000,-5800,-1534.8,,,,
SIMA,B,39469244824595,8600,swept,8000,800,600,0,0.0,20.12,20.125,-0.5,-0.5
SIMA,S,39474719738537,9600,filled,7500,9400,2200,0,0.0,20.12,20.115,0.5,0.5
SIMA,S,39487622011906,11000,filled,9800,2900,1400,0,0.0,20.12,20.115,-0.5,0.5
SIMA,B,39474719738537,33600,outbid,10200,37300,9700,-13700,-7872.1,,,,
SIMA,S,39493757963182,2000,filled,700,2700,1400,0,594.3,20.12,20.115,0.5,0.5
SIMA,B,39493757963182,31900,filled,21700,42500,10300,0,0.0,20.11,20.115,0.5,-0.5
SIMA,S,39500308665428,10300,filled,7000,21400,3400,0,0.0,20.12,20.115,0.5,1.5
SIMA,B,39518844138414,15100,swept,14700,400,400,0,0.0,20.11,20.115,-0.5,-0.5
SIMA,S,39518844138414,15600,outbid,300,1500,1000,-500,-327.5,,,,
SIMA,S,39524385120995,5000,filled,4100,11100,1000,0,0.0,20.11,20.105,0.5,0.5
SIMA,B,39524385120995,15000,filled,11700,6600,3900,0,0.0,20.1,20.105,0.5,0.5
SIMA,B,39537137101117,16700,filled,12900,7200,3900,0,0.0,20.1,20.105,-0.5,-0.5
SIMA,S,39537137101117,15900,outbid,3600,6100,3000,-3100,-1380.5,,,,
SIMA,S,39549157970404,7200,filled,2900,5000,4500,0,805.1,20.1,20.095,0.5,0.5
SIMA,S,39555758080110,7200,filled,5200,7500,2200,0,0.0,20.1,20.095,0.5,0.5
SIMA,S,39561790798509,8600,filled,7300,6400,1400,0,0.0,20.1,20.095,0.5,0.5
SIMA,B,39549157970404,29800,filled,14700,60200,15300,0,0.0,20.09,20.095,0.5,0.5
SIMA,S,39574922083730,9200,filled,6500,18000,2900,0,0.0,20.1,20.095,0.5,0.5
SIMA,B,39581327566909,27900,timeout,21300,22100,5400,-1200,-1200.0,,,,
SIMA,S,39594163019496,12800,timeout,2500,8500,2300,-6200,-2711.5,,,,
SIMB,S,34325406587807,700,swept,600,100,100,0,0.0,299.84,299.835,1.0,-6.5
SIMB,B,34325406587807,800,outbid,100,0,0,0,0.0,,,,
SIMB,B,34331792149543,100,outbid,0,0,0,0,0.0,,,,
SIMB,S,34331792149543,1300,emptied,1300,0,0,0,0.0,299.88,299.875,-0.5,1.0
SIMB,S,34337444446736,200,alone,0,200,200,0,0.0,,,,
SIMB,B,34337444446736,300,swept,300,0,0,0,0.0,299.88,299.89,0.5,-3.0
SIMB,S,34343840876231,100,emptied,100,0,0,0,0.0,299.87,299.865,1.5,-0.5
SIMB,B,34343840876231,1400,emptied,1300,100,100,0,0.0,299.86,299.87,-1.5,1.5
SIMB,S,34350352957182,200,emptied,200,0,0,0,0.0,299.86,299.855,-0.5,0.5
SIMB,B,34350352957182,1200,outbid,0,0,0,0,0.0,,,,
SIMB,B,34356637451322,500,emptied,500,0,0,0,0.0,299.87,299.875,0.0,-1.5
SIMB,S,34356637451322,1500,outbid,300,100,100,0,0.0,,,,
SIMB,B,34362623795637,1500,outbid,0,100,100,0,0.0,,,,
SIMB,S,34362623795637,1500,outbid,400,700,200,-500,-247.5,,,,
SIMB,S,34368807136902,700,filled,800,0,0,0,0.0,299.85,299.845,-1.5,4.5
SIMB,B,34368807136902,2000,outbid,100,500,300,-200,-170.9,,,,
SIMB,S,34375192379947,600,outbid,0,0,0,0,0.0,,,,
SIMB,B,34375192379947,1400,emptied,1100,300,300,0,0.0,299.84,299.845,1.0,-7.5
SIMB,B,34381198953278,100,emptied,100,0,0,0,0.0,299.79,299.8,-0.5,2.0
SIMB,S,34381198953278,400,outbid,0,0,0,0,0.0,,,,
SIMB,B,34387263585029,100,emptied,100,0,0,0,0.0,299.76,299.765,3.5,5.5
SIMB,S,34387263585029,100,swept,100,0,0,0,0.0,299.77,299.76,-2.5,-4.5
SIMB,S,34393446237629,200,swept,200,0,0,0,0.0,299.8,299.795,0.5,-9.5
SIMB,B,34393446237629,1300,filled,1300,100,100,0,23.5,299.79,299.795,0.5,12.5
SIMB,B,34400857678870,700,outbid,0,0,0,0,0.0,,,,
SIMB,S,34400857678870,200,swept,200,0,0,0,0.0,299.83,299.825,-1.5,-5.5
SIMB,B,34406614941069,400,emptied,400,0,0,0,0.0,299.91,299.915,-0.5,-8.5
SIMB,S,34406614941069,900,outbid,0,0,0,0,0.0,,,,
SIMB,B,34412998818212,200,filled,400,100,0,0,0.0,299.87,299.875,-0.5,-7.0
SIMB,S,34412998818212,300,outbid,0,0,0,0,0.0,,,,
SIMB,B,34419537050524,900,emptied,900,0,0,0,0.0,299.78,299.79,0.0,0.5
SIMB,S,34419537050524,100,outbid,0,0,0,0,0.0,,,,
SIMB,S,34426004440168,500,outbid,200,0,0,0,0.0,,,,
SIMB,B,34426004440168,100,swept,100,0,0,0,0.0,299.77,299.78,-3.0,4.5
SIMB,B,34432593476876,100,filled,200,0,0,0,0.0,299.8,299.805,-0.5,0.5
SIMB,S,34432593476876,1200,outbid,600,100,100,0,0.0,,,,
SIMB,S,34439048149704,1600,outbid,0,0,0,0,0.0,,,,
SIMB,B,34439048149704,200,outbid,100,0,0,0,0.0,,,,
SIMB,B,34445204962345,700,emptied,700,0,0,0,0.0,299.77,299.775,0.0,0.5
SIMB,S,34445204962345,300,outbid,200,400,0,-100,-62.5,,,,
SIMB,S,34451706977494,200,emptied,200,0,0,0,0.0,299.74,299.735,-2.5,-4.0
SIMB,B,34451706977494,300,outbid,100,0,0,0,0.0,,,,
SIMB,S,34457567580167,100,filled,200,0,0,0,0.0,299.78,299.77,1.0,-2.5
SIMB,B,34457567580167,1600,filled,1600,200,100,0,0.0,299.76,299.77,2.0,5.5
SIMB,S,34463634215606,100,swept,100,0,0,0,0.0,299.8,299.795,0.5,-1.5
SIMB,B,34463634215606,200,outbid,0,0,0,0,0.0,,,,
SIMB,B,34470365518176,200,emptied,200,0,0,0,0.0,299.79,299.795,2.5,4.0
SIMB,S,34470365518176,100,filled,300,0,0,0,0.0,299.8,299.79,-1.5,-4.5
SIMB,S,34477132414233,2100,outbid,200,0,0,0,0.0,,,,
SIMB,B,34477132414233,1100,outbid,500,100,100,0,14.3,,,,
SIMB,S,34482774988238,500,emptied,500,0,0,0,0.0,299.88,299.865,0.5,-7.5
SIMB,B,34482774988238,200,outbid,0,100,0,-100,-66.7,,,,
SIMB,B,34488983781236,100,emptied,100,0,0,0,0.0,299.86,299.865,0.5,4.5
SIMB,S,34488983781236,800,outbid,0,100,100,0,20.0,,,,
SIMB,B,34495128549660,100,emptied,100,0,0,0,0.0,299.97,299.975,0.0,-10.0
SIMB,S,34495128549660,200,outbid,0,200,0,-200,-66.7,,,,
SIMB,B,34501749565645,100,emptied,100,0,0,0,0.0,299.88,299.885,-1.0,-3.5
SIMB,S,34501749565645,300,outbid,300,0,0,0,0.0,,,,
SIMB,B,34508018623615,100,emptied,100,0,0,0,0.0,299.87,299.875,-2.5,-0.5
SIMB,S,34508018623615,400,outbid,0,100,0,-100,-50.0,,,,
SIMB,B,34514020562605,500,outbid,100,0,0,0,0.0,,,,
SIMB,S,34514020562605,100,swept,100,0,0,0,0.0,299.84,299.835,-0.5,-2.5
SIMB,S,34520692051332,1400,outbid,100,100,100,0,18.8,,,,
SIMB,B,34520692051332,500,outbid,0,100,100,0,44.4,,,,
SIMB,B,34533602821156,200,outbid,0,0,0,0,0.0,,,,
SIMB,S,34533602821156,900,filled,800,200,200,0,0.0,299.89,299.885,0.5,2.0
SIMB,S,34546254262749,500,outbid,200,0,0,0,0.0,,,,
SIMB,B,34546254262749,100,swept,100,0,0,0,0.0,299.86,299.865,-0.5,4.5
SIMB,S,34551929907420,800,filled,800,200,200,0,57.1,299.93,299.925,-0.5,-0.5
SIMB,B,34551929907420,500,filled,400,200,200,0,0.0,299.92,299.93,1.5,1.5
SIMB,B,34557675107814,400,emptied,400,0,0,0,0.0,299.9,299.91,2.5,4.5
SIMB,S,34557675107814,600,swept,600,0,0,0,0.0,299.92,299.915,-0.5,-2.0
SIMB,B,34563903462019,1800,outbid,100,200,200,0,10.5,,,,
SIMB,S,34563903462019,3900,outbid,0,600,500,-100,-17.4,,,,
SIMB,S,34570371973925,200,swept,200,0,0,0,0.0,299.96,299.955,-0.0,-10.0
SIMB,B,34570371973925,400,outbid,300,0,0,0,0.0,,,,
SIMB,B,34576147551956,600,emptied,600,0,0,0,0.0,300.06,300.065,1.0,2.5
SIMB,S,34576147551956,600,emptied,600,0,0,0,0.0,300.07,300.065,-0.5,-0.5
SIMB,B,34582871429731,500,outbid,0,0,0,0,0.0,,,,
SIMB,S,34582871429731,1900,outbid,500,100,0,-100,-77.8,,,,
SIMB,B,34589145990580,1600,filled,1400,300,300,0,80.0,300.06,300.065,-0.5,-5.5
SIMB,S,34589145990580,800,filled,600,300,300,0,100.0,300.07,300.055,2.5,6.0
SIMB,B,34595510672445,100,emptied,100,0,0,0,0.0,299.99,299.995,-1.5,6.5
SIMB,S,34595510672445,100,outbid,0,0,0,0,0.0,,,,
SIMB,S,34601329335999,300,swept,300,0,0,0,0.0,300.02,300.015,-2.0,-0.0
SIMB,B,34601329335999,500,outbid,300,0,0,0,0.0,,,,
SIMB,B,34607464747020,100,swept,100,0,0,0,0.0,300.04,300.05,0.5,-6.5
SIMB,S,34607464747020,100,outbid,0,0,0,0,0.0,,,,
SIMB,S,34613580774181,300,emptied,300,0,0,0,0.0,300.01,300.0,1.5,4.5
SIMB,B,34613580774181,2000,filled,1500,800,600,0,0.0,299.99,299.995,-1.5,-3.5
SIMB,B,34619994536574,2500,emptied,2300,200,200,0,0.0,299.96,299.965,-0.5,-3.5
SIMB,S,34619994536574,300,outbid,200,200,0,-100,-28.6,,,,
SIMB,B,34626607298972,1400,emptied,1300,100,100,0,0.0,299.94,299.945,-1.5,-9.0
SIMB,S,34626607298972,300,outbid,0,100,0,-100,-60.0,,,,
SIMB,B,34633352820830,2200,swept,2200,0,0,0,0.0,299.91,299.92,-3.5,0.0
SIMB,S,34633352820830,300,swept,300,0,0,0,0.0,299.93,299.915,5.5,1.5
SIMB,B,34639155534126,100,emptied,100,0,0,0,0.0,299.83,299.85,0.5,9.0
SIMB,S,34639155534126,300,outbid,0,0,0,0,0.0,,,,
SIMB,B,34645312306639,100,emptied,100,0,0,0,0.0,299.93,299.935,0.0,4.5
SIMB,S,34645312306639,1100,outbid,100,300,300,0,0.0,,,,
SIMB,B,34651418097904,1100,outbid,200,0,0,0,0.0,,,,
SIMB,S,34651418097904,2600,filled,2500,200,200,0,0.0,299.95,299.945,-1.0,-7.5
SIMB,S,34657504671444,100,swept,100,0,0,0,0.0,300.04,300.03,-1.5,-1.5
SIMB,B,34657504671444,200,outbid,0,0,0,0,0.0,,,,
SIMB,B,34664007143849,2000,outbid,1000,400,100,-300,-225.0,,,,
SIMB,S,34664007143849,2100,filled,2000,300,200,0,0.0,300.03,300.025,-2.5,-6.0
SIMB,S,34669842531367,400,emptied,400,0,0,0,0.0,300.06,300.055,-0.5,-0.5
SIMB,B,34669842531367,300,outbid,100,0,0,0,0.0,,,,
SIMB,S,34675302637639,100,swept,100,0,0,0,0.0,300.09,300.085,-0.0,4.5
SIMB,B,34675302637639,500,filled,500,300,100,0,0.0,300.08,300.09,-1.5,-3.5
SIMB,S,34681359027053,200,outbid,0,0,0,0,0.0,,,,
SIMB,B,34681359027053,700,outbid,400,100,100,0,0.0,,,,
SIMB,S,34687518664527,400,alone,300,100,100,0,0.0,,,,
SIMB,B,34687518664527,100,filled,200,0,0,0,0.0,300.05,300.06,1.5,-4.5
SIMB,B,34693442713095,200,swept,200,0,0,0,0.0,300.04,300.045,-0.5,-6.5
SIMB,S,34693442713095,600,outbid,400,0,0,0,0.0,,,,
SIMB,S,34699619984538,200,outbid,0,0,0,0,0.0,,,,
SIMB,B,34699619984538,200,swept,200,0,0,0,0.0,299.96,299.965,-0.5,1.5
SIMB,B,34705768060181,900,outbid,0,0,0,0,0.0,,,,
SIMB,S,34705768060181,300,outbid,0,0,0,0,0.0,,,,
SIMB,S,34712558798162,300,emptied,300,0,0,0,0.0,299.99,299.985,-0.0,1.5
SIMB,B,34712558798162,500,outbid,100,0,0,0,0.0,,,,
SIMB,B,34719350947625,600,filled,400,700,300,0,50.0,299.97,299.975,0.5,2.5
SIMB,S,34719350947625,1200,filled,1100,800,200,0,0.0,299.98,299.975,-0.5,-1.0
SIMB,B,34726371862091,300,outbid,0,0,0,0,0.0,,,,
SIMB,S,34726371862091,900,swept,800,100,100,0,0.0,300.01,300.005,0.5,-2.5
SIMB,S,34733260674826,300,emptied,300,0,0,0,0.0,299.99,299.985,-0.5,-1.5
SIMB,B,34733260674826,600,outbid,0,100,100,0,14.3,,,,
SIMB,B,34738995867959,100,swept,100,0,0,0,0.0,300.03,300.04,-1.0,4.0
SIMB,S,34738995867959,1800,outbid,200,0,0,0,0.0,,,,
SIMB,B,34745152373579,1800,outbid,0,100,100,0,0.0,,,,
SIMB,S,34745152373579,2400,swept,2200,200,200,0,0.0,300.05,300.04,2.0,-2.5
SIMB,S,34751739320035,800,outbid,0,200,200,0,0.0,,,,
SIMB,B,34751739320035,200,emptied,200,0,0,0,0.0,300.06,300.065,-0.5,-2.0
SIMB,B,34757679262831,400,emptied,400,0,0,0,0.0,300.06,300.065,-1.0,-4.5
SIMB,S,34757679262831,500,outbid,0,100,100,0,0.0,,,,
SIMB,S,34764747141490,1000,emptied,900,100,100,0,0.0,300.01,300.005,-0.0,6.0
SIMB,B,34764747141490,1400,outbid,0,0,0,0,0.0,,,,
SIMB,B,34771010284854,400,emptied,400,0,0,0,0.0,299.98,299.995,-1.5,1.5
SIMB,S,34771010284854,100,emptied,100,0,0,0,0.0,300.01,299.99,4.5,1.5
SIMB,B,34776656862149,600,outbid,0,0,0,0,0.0,,,,
SIMB,S,34776656862149,1700,filled,1700,400,300,0,92.2,299.98,299.975,-0.5,-8.5
SIMB,S,34782845754378,900,emptied,900,0,0,0,0.0,300.01,300.005,-0.5,-6.5
SIMB,B,34782845754378,300,swept,200,100,100,0,0.0,300.0,300.04,4.0,8.0
SIMB,S,34789660277650,100,outbid,0,0,0,0,0.0,,,,
SIMB,B,34789660277650,200,outbid,0,0,0,0,0.0,,,,
SIMB,S,34795537776089,800,swept,800,0,0,0,0.0,300.1,300.085,1.0,1.5
SIMB,B,34795537776089,600,outbid,100,100,0,-100,-85.7,,,,
SIMB,B,34802388279639,300,outbid,0,0,0,0,0.0,,,,
SIMB,S,34802388279639,600,swept,500,100,100,0,0.0,300.08,300.075,0.5,-3.5
SIMB,S,34808977343881,500,emptied,500,0,0,0,0.0,300.09,300.085,-1.5,-1.5
SIMB,B,34808977343881,200,filled,100,200,200,0,66.7,300.08,300.09,2.5,3.5
SIMB,S,34815564802530,100,swept,100,0,0,0,0.0,300.13,300.125,2.0,1.5
SIMB,B,34815564802530,400,swept,400,0,0,0,0.0,300.12,300.13,-2.0,-0.5
SIMB,S,34821518360021,200,emptied,200,0,0,0,0.0,300.11,300.105,-1.5,-3.0
SIMB,B,34821518360021,800,outbid,200,0,0,0,0.0,,,,
SIMB,S,34826935333230,200,emptied,200,0,0,0,0.0,300.11,300.105,-1.5,-19.5
SIMB,B,34826935333230,700,outbid,0,0,0,0,0.0,,,,
SIMB,S,34833537865045,1100,emptied,1100,0,0,0,0.0,300.19,300.185,-7.0,-13.0
SIMB,B,34833537865045,300,outbid,300,0,0,0,0.0,,,,
SIMB,S,34839794679760,600,emptied,600,0,0,0,0.0,300.32,300.315,-1.5,-1.0
SIMB,B,34839794679760,500,outbid,0,0,0,0,0.0,,,,
SIMB,B,34846237868328,300,filled,200,200,200,0,0.0,300.33,300.335,0.5,-10.5
SIMB,S,34846237868328,1100,filled,1200,300,0,0,0.0,300.34,300.33,2.0,3.5
SIMB,S,34851939686726,700,outbid,0,0,0,0,0.0,,,,
SIMB,B,34851939686726,300,alone,200,100,100,0,0.0,,,,
SIMB,S,34857501934538,1500,outbid,0,400,400,0,0.0,,,,
SIMB,B,34857501934538,200,swept,200,0,0,0,0.0,300.25,300.255,0.0,14.5
SIMB,B,34863206334179,400,filled,400,100,100,0,66.7,300.32,300.325,1.5,11.5
SIMB,S,34863206334179,1900,swept,1900,0,0,0,0.0,300.33,300.325,-0.5,-9.5
SIMB,B,34868966016336,100,outbid,0,0,0,0,0.0,,,,
SIMB,S,34868966016336,100,swept,100,0,0,0,0.0,300.42,300.41,-0.5,-2.0
SIMB,B,34875741137955,500,swept,500,100,0,0,0.0,300.42,300.43,1.5,-0.5
SIMB,S,34875741137955,800,emptied,700,200,100,0,0.0,300.44,300.435,-0.5,3.5
SIMB,S,34882066752310,500,outbid,100,0,0,0,0.0,,,,
SIMB,B,34882066752310,200,filled,300,0,0,0,0.0,300.42,300.43,-1.0,-7.0
SIMB,B,34888523437833,600,emptied,600,0,0,0,0.0,300.39,300.395,-1.0,-12.5
SIMB,S,34888523437833,300,outbid,0,0,0,0,0.0,,,,
SIMB,S,34900512444907,400,outbid,0,0,0,0,0.0,,,,
SIMB,B,34900512444907,500,outbid,100,0,0,0,0.0,,,,
SIMB,S,34906940131790,100,emptied,100,0,0,0,0.0,300.29,300.285,-0.5,-0.5
SIMB,B,34906940131790,800,outbid,0,0,0,0,0.0,,,,
SIMB,S,34913807613418,500,filled,500,100,100,0,44.4,300.29,300.285,-0.5,-2.0
SIMB,B,34913807613418,500,filled,600,100,0,0,0.0,300.28,300.29,1.5,1.5
SIMB,S,34926673210290,600,outbid,0,0,0,0,0.0,,,,
SIMB,B,34926673210290,300,alone,200,100,100,0,0.0,,,,
SIMB,B,34932565435216,1000,emptied,1000,0,0,0,0.0,300.23,300.235,0.5,0.5
SIMB,S,34932565435216,300,alone,300,200,0,0,0.0,,,,
SIMB,B,34938772605524,500,outbid,0,0,0,0,0.0,,,,
SIMB,S,34938772605524,300,filled,400,0,0,0,0.0,300.25,300.245,-0.0,6.5
SIMB,S,34945437895781,1200,outbid,0,500,100,-400,-264.3,,,,
SIMB,B,34945437895781,3000,swept,2200,800,800,0,0.0,300.22,300.225,-0.5,-3.5
SIMB,B,34951834415897,1000,filled,1100,0,0,0,0.0,300.16,300.165,3.5,-0.5
SIMB,S,34951834415897,100,filled,200,0,0,0,0.0,300.17,300.165,-2.5,1.5
SIMB,B,34957789812741,300,filled,300,500,100,0,0.0,300.18,300.185,-0.5,-10.5
SIMB,S,34957789812741,400,outbid,100,400,0,-300,-161.1,,,,
SIMB,S,34963565142466,200,outbid,0,0,0,0,0.0,,,,
SIMB,B,34963565142466,2300,swept,1700,600,600,0,0.0,300.14,300.15,-6.0,-5.5
SIMB,S,34969928177027,300,filled,400,0,0,0,0.0,300.09,300.085,-0.0,-2.0
SIMB,B,34969928177027,100,filled,200,0,0,0,0.0,300.08,300.085,1.5,2.5
SIMB,S,34975726356935,500,emptied,500,0,0,0,0.0,300.09,300.085,-0.5,-2.0
SIMB,B,34975726356935,600,outbid,100,300,0,-300,-187.5,,,,
SIMB,S,34982439937569,100,outbid,100,0,0,0,0.0,,,,
SIMB,B,34982439937569,400,filled,500,300,0,0,0.0,300.09,300.095,0.0,4.5
SIMB,S,34988798456574,500,swept,500,0,0,0,0.0,300.13,300.125,-0.5,1.5
SIMB,B,34988798456574,100,filled,300,0,0,0,0.0,300.12,300.13,1.5,-0.5
SIMB,B,34994936034886,600,emptied,600,0,0,0,0.0,300.11,300.115,-0.5,0.5
SIMB,S,34994936034886,300,outbid,200,0,0,0,0.0,,,,
SIMB,S,35001919934988,200,filled,400,300,0,0,0.0,300.13,300.125,-0.5,-0.5
SIMB,B,35001919934988,400,outbid,100,300,100,-200,-28.6,,,,
SIMB,S,35009162299602,100,filled,200,0,0,0,0.0,300.13,300.125,0.5,-2.5
SIMB,B,35009162299602,900,filled,1200,100,0,0,0.0,300.12,300.125,1.0,4.5
SIMB,B,35015132212843,1900,outbid,0,0,0,0,0.0,,,,
SIMB,S,35015132212843,100,swept,100,0,0,0,0.0,300.14,300.135,0.5,-4.0
SIMB,S,35021461311786,800,swept,800,0,0,0,0.0,300.18,300.165,-1.5,-1.0
SIMB,B,35021461311786,300,outbid,100,0,0,0,0.0,,,,
SIMB,S,35027189967922,400,outbid,100,0,0,0,0.0,,,,
SIMB,B,35027189967922,1300,outbid,0,0,0,0,0.0,,,,
SIMB,B,35033305703612,100,alone,0,100,100,0,0.0,,,,
SIMB,S,35033305703612,1500,swept,1500,0,0,0,0.0,300.21,300.195,-1.0,-10.5
SIMB,S,35039415019894,100,swept,100,0,0,0,0.0,300.28,300.27,-0.5,-4.5
SIMB,B,35039415019894,800,outbid,200,300,300,0,0.0,,,,
SIMB,B,35045751306755,100,filled,200,0,0,0,0.0,300.32,300.325,1.5,0.5
SIMB,S,35045751306755,1100,filled,900,300,300,0,0.0,300.33,300.315,-0.5,0.5
SIMB,B,35052394714131,100,swept,100,0,0,0,0.0,300.32,300.325,0.0,10.5
SIMB,S,35052394714131,200,outbid,0,100,100,0,0.0,,,,
SIMB,S,35064984939272,100,emptied,100,0,0,0,0.0,300.46,300.455,-1.5,0.5
SIMB,B,35064984939272,500,outbid,0,100,100,0,0.0,,,,
SIMB,S,35071094066695,400,outbid,0,0,0,0,0.0,,,,
SIMB,B,35071094066695,100,swept,100,0,0,0,0.0,300.46,300.465,0.5,-1.5
SIMB,S,35077972448073,100,filled,200,0,0,0,0.0,300.46,300.455,0.5,5.5
SIMB,B,35077972448073,2900,filled,2900,300,100,0,0.0,300.45,300.46,-2.0,-0.5
SIMB,S,35084156027296,100,filled,200,0,0,0,0.0,300.39,300.375,2.5,-6.5
SIMB,B,35084156027296,700,emptied,700,0,0,0,0.0,300.37,300.38,-0.5,8.5
SIMB,S,35090670286463,1500,emptied,1500,0,0,0,0.0,300.45,300.445,-1.5,-3.5
SIMB,B,35090670286463,600,outbid,100,100,100,0,16.7,,,,
SIMB,S,35095962512924,2200,emptied,1900,300,300,0,0.0,300.47,300.465,-0.5,-2.5
SIMB,B,35095962512924,400,outbid,100,400,0,-300,-192.9,,,,
SIMB,S,35102090196907,1900,outbid,0,0,0,0,0.0,,,,
SIMB,B,35102090196907,700,filled,800,100,0,0,0.0,300.47,300.475,1.5,11.5
SIMB,B,35108356656987,500,filled,300,400,300,0,0.0,300.49,300.495,2.5,10.0
SIMB,S,35108356656987,2200,swept,2100,100,100,0,0.0,300.5,300.49,-1.5,-8.5
SIMB,B,35113785754514,200,swept,200,0,0,0,0.0,300.57,300.585,-0.5,6.0
SIMB,S,35113785754514,1200,outbid,200,0,0,0,0.0,,,,
SIMB,B,35120308966144,800,outbid,0,0,0,0,0.0,,,,
SIMB,S,35120308966144,800,swept,800,0,0,0,0.0,300.6,300.595,-1.0,-8.5
SIMB,S,35126652025932,200,emptied,200,0,0,0,0.0,300.64,300.635,-1.0,-9.5
SIMB,B,35126652025932,200,outbid,100,0,0,0,0.0,,,,
SIMB,S,35132909960242,1200,emptied,1200,0,0,0,0.0,300.72,300.715,-0.0,-2.5
SIMB,B,35132909960242,700,outbid,300,0,0,0,0.0,,,,
SIMB,S,35139183217349,500,swept,500,0,0,0,0.0,300.73,300.725,-0.0,-3.5
SIMB,B,35139183217349,200,outbid,0,0,0,0,0.0,,,,
SIMB,S,35146147375741,700,swept,700,0,0,0,0.0,300.75,300.745,-0.0,4.5
SIMB,B,35146147375741,200,outbid,0,0,0,0,0.0,,,,
SIMB,S,35152270319060,100,emptied,100,0,0,0,0.0,300.76,300.745,4.5,11.5
SIMB,B,35152270319060,200,swept,200,0,0,0,0.0,300.73,300.755,-1.5,-8.5
SIMB,B,35158760922189,100,emptied,100,0,0,0,0.0,300.69,300.695,0.0,-10.0
SIMB,S,35158760922189,500,outbid,0,0,0,0,0.0,,,,
SIMB,S,35164712713121,100,emptied,100,0,0,0,0.0,300.63,300.625,1.5,8.0
SIMB,B,35164712713121,700,emptied,600,100,100,0,0.0,300.62,300.63,-0.5,-8.5
SIMB,S,35170859380895,700,emptied,700,0,0,0,0.0,300.6,300.595,0.5,7.5
SIMB,B,35170859380895,500,emptied,400,200,100,0,0.0,300.59,300.6,0.5,-6.5
SIMB,B,35177083022250,1400,outbid,100,100,100,0,7.1,,,,
SIMB,S,35177083022250,200,swept,200,0,0,0,0.0,300.49,300.485,-1.0,-4.5
SIMB,S,35183833734641,700,outbid,0,0,0,0,0.0,,,,
SIMB,B,35183833734641,900,emptied,900,0,0,0,0.0,300.52,300.525,0.5,2.5
SIMB,S,35189781253521,1600,emptied,1600,0,0,0,0.0,300.55,300.545,-1.5,1.5
SIMB,B,35189781253521,200,outbid,0,500,100,-100,0.0,,,,
SIMB,B,35203146352524,600,outbid,0,0,0,0,0.0,,,,
SIMB,S,35203146352524,700,filled,800,600,0,0,0.0,300.56,300.555,-1.0,0.5
SIMB,B,35209826807076,800,emptied,800,0,0,0,0.0,300.56,300.575,-0.5,-3.5
SIMB,S,35209826807076,300,outbid,0,0,0,0,0.0,,,,
SIMB,B,35221856058856,100,outbid,0,0,0,0,0.0,,,,
SIMB,S,35221856058856,1500,swept,1400,100,100,0,0.0,300.55,300.545,-1.5,1.5
SIMB,S,35228142708575,300,outbid,0,100,100,0,62.5,,,,
SIMB,B,35228142708575,600,swept,600,0,0,0,0.0,300.56,300.565,-1.5,-4.0
SIMB,S,35234029381681,200,outbid,100,0,0,0,0.0,,,,
SIMB,B,35234029381681,3300,filled,3400,900,100,0,0.0,300.51,300.515,1.0,0.0
SIMB,B,35240113219161,200,emptied,200,0,0,0,0.0,300.53,300.535,0.0,-3.5
SIMB,S,35240113219161,1700,filled,1500,600,300,0,0.0,300.54,300.535,-0.0,4.0
SIMB,B,35246454211193,100,emptied,100,0,0,0,0.0,300.51,300.52,0.0,-4.5
SIMB,S,35246454211193,100,outbid,0,0,0,0,0.0,,,,
SIMB,S,35252608310082,500,outbid,0,0,0,0,0.0,,,,
SIMB,B,35252608310082,1000,emptied,900,100,100,0,0.0,300.49,300.495,0.0,-9.5
SIMB,B,35258517842339,600,outbid,100,100,100,0,16.7,,,,
SIMB,S,35258517842339,600,filled,500,200,200,0,40.0,300.44,300.435,-1.0,-0.5
SIMB,B,35264388278447,400,outbid,100,0,0,0,0.0,,,,
SIMB,S,35264388278447,700,outbid,100,100,100,0,0.0,,,,
SIMB,B,35270194869255,1100,outbid,200,100,100,0,15.4,,,,
SIMB,S,35270194869255,1900,outbid,100,400,200,-200,-151.4,,,,
SIMB,S,35275713248193,700,emptied,700,0,0,0,0.0,300.47,300.465,-0.5,-1.5
SIMB,B,35275713248193,600,outbid,500,0,0,0,0.0,,,,
SIMB,B,35281895017021,400,emptied,400,100,0,0,0.0,300.49,300.495,-1.5,-0.5
SIMB,S,35281895017021,1300,outbid,300,100,100,0,33.3,,,,
SIMB,S,35293987598452,100,emptied,100,0,0,0,0.0,300.46,300.455,0.5,-0.0
SIMB,B,35293987598452,2200,swept,2000,400,200,0,0.0,300.45,300.455,-1.5,2.0
SIMB,S,35299931388226,600,filled,700,0,0,0,0.0,300.41,300.405,-0.5,-6.5
SIMB,B,35299931388226,1100,outbid,400,300,300,0,0.0,,,,
SIMB,B,35305206165266,100,filled,200,0,0,0,0.0,300.47,300.475,-1.5,2.0
SIMB,S,35305206165266,1000,outbid,800,200,100,-100,35.4,,,,
SIMB,S,35311417863921,1200,emptied,900,300,300,0,0.0,300.49,300.48,0.5,1.0
SIMB,B,35311417863921,100,outbid,0,0,0,0,0.0,,,,
SIMB,B,35317453433278,200,emptied,200,0,0,0,0.0,300.48,300.485,-0.5,-2.5
SIMB,S,35317453433278,500,outbid,200,100,100,0,0.0,,,,
SIMB,B,35324164734510,800,outbid,0,0,0,0,0.0,,,,
SIMB,S,35324164734510,100,outbid,0,0,0,0,0.0,,,,
SIMB,S,35330774237736,600,emptied,600,0,0,0,0.0,300.45,300.445,-1.5,-8.0
SIMB,B,35330774237736,2000,outbid,0,0,0,0,0.0,,,,
SIMB,S,35337162974263,500,filled,700,0,0,0,0.0,300.49,300.485,-0.0,-9.5
SIMB,B,35337162974263,300,filled,400,100,0,0,0.0,300.48,300.49,1.5,12.5
SIMB,B,35342738693547,200,outbid,0,0,0,0,0.0,,,,
SIMB,S,35342738693547,500,filled,600,100,0,0,0.0,300.57,300.565,-0.5,-4.5
SIMB,B,35348981016686,100,swept,100,0,0,0,0.0,300.6,300.605,1.5,0.0
SIMB,S,35348981016686,1900,emptied,1900,0,0,0,0.0,300.61,300.605,-1.5,1.0
SIMB,B,35355108221739,300,emptied,300,0,0,0,0.0,300.6,300.61,-0.5,1.5
SIMB,S,35355108221739,300,outbid,0,0,0,0,0.0,,,,
SIMB,B,35367303045011,400,emptied,400,0,0,0,0.0,300.61,300.615,-1.5,2.5
SIMB,S,35367303045011,1000,outbid,200,1100,500,-300,-78.9,,,,
SIMB,S,35373404975429,1400,outbid,0,200,200,0,0.0,,,,
SIMB,B,35373404975429,1300,emptied,1100,300,200,0,0.0,300.61,300.615,0.5,1.5
SIMB,B,35379698828844,200,swept,200,0,0,0,0.0,300.63,300.64,-0.5,2.5
SIMB,S,35379698828844,1500,outbid,600,200,200,0,27.3,,,,
SIMB,S,35386535395349,200,emptied,200,0,0,0,0.0,300.63,300.625,-0.5,-8.5
SIMB,B,35386535395349,300,outbid,200,0,0,0,0.0,,,,
SIMB,B,35392536447571,100,swept,100,0,0,0,0.0,300.66,300.67,0.5,7.0
SIMB,S,35392536447571,400,emptied,400,0,0,0,0.0,300.68,300.665,1.5,-5.5
SIMB,B,35398307530289,100,swept,100,0,0,0,0.0,300.72,300.725,0.5,0.5
SIMB,S,35398307530289,600,filled,900,100,0,0,0.0,300.73,300.725,-0.5,-0.0
SIMB,S,35404576685047,200,emptied,200,0,0,0,0.0,300.73,300.725,-0.5,-1.5
SIMB,B,35404576685047,2100,outbid,100,200,200,0,32.0,,,,
SIMB,S,35411234091964,1100,outbid,0,0,0,0,0.0,,,,
SIMB,B,35411234091964,1100,swept,1000,100,100,0,0.0,300.72,300.73,0.5,6.0
SIMB,B,35417139102421,700,outbid,100,0,0,0,0.0,,,,
SIMB,S,35417139102421,1200,swept,900,300,300,0,0.0,300.77,300.765,-0.5,0.5
SIMB,S,35422941579637,200,outbid,0,0,0,0,0.0,,,,
SIMB,B,35422941579637,2000,swept,1900,100,100,0,0.0,300.76,300.77,-0.5,-9.0
SIMB,S,35429129599623,200,emptied,200,0,0,0,0.0,300.76,300.75,2.5,7.0
SIMB,B,35429129599623,1100,emptied,1000,100,100,0,0.0,300.74,300.76,-2.5,-4.5
SIMB,S,35434752669535,300,emptied,300,0,0,0,0.0,300.67,300.665,1.5,-1.0
SIMB,B,35434752669535,700,outbid,0,200,100,-100,-75.0,,,,
SIMB,S,35441037685551,300,filled,400,0,0,0,0.0,300.69,300.685,-0.0,9.5
SIMB,B,35441037685551,500,filled,500,100,100,0,66.7,300.68,300.685,0.5,-8.5
SIMB,B,35447712418763,1300,emptied,1000,300,300,0,0.0,300.64,300.66,-1.5,-13.5
SIMB,S,35447712418763,700,outbid,100,400,400,0,57.1,,,,
SIMB,B,35453893171176,500,emptied,500,0,0,0,0.0,300.54,300.55,-2.5,-4.0
SIMB,S,35453893171176,500,outbid,0,100,100,0,0.0,,,,
SIMB,S,35459480042842,100,alone,0,100,100,0,0.0,,,,
SIMB,B,35459480042842,2300,outbid,900,300,300,0,40.9,,,,
SIMB,S,35465311820523,200,filled,300,0,0,0,0.0,300.46,300.455,-1.5,-5.0
SIMB,B,35465311820523,600,outbid,600,100,0,0,0.0,,,,
SIMB,S,35472270546978,1300,outbid,700,0,0,0,0.0,,,,
SIMB,B,35472270546978,500,swept,400,100,100,0,0.0,300.48,300.485,-0.5,13.5
SIMB,S,35478294240647,700,swept,700,0,0,0,0.0,300.55,300.545,-1.0,-6.5
SIMB,B,35478294240647,500,outbid,100,0,0,0,0.0,,,,
SIMB,B,35484447855132,300,emptied,300,0,0,0,0.0,300.59,300.595,0.0,3.5
SIMB,S,35484447855132,400,outbid,0,0,0,0,0.0,,,,
SIMB,S,35490613058899,800,emptied,700,100,100,0,0.0,300.63,300.625,-1.5,-3.5
SIMB,B,35490613058899,600,outbid,300,0,0,0,0.0,,,,
SIMB,B,35496486068694,100,filled,200,0,0,0,0.0,300.64,300.645,0.5,-1.5
SIMB,S,35496486068694,1700,filled,1600,1200,200,0,0.0,300.65,300.645,-0.0,3.5
SIMB,B,35502892300310,200,swept,200,0,0,0,0.0,300.67,300.675,-1.5,-12.0
SIMB,S,35502892300310,1300,outbid,200,100,100,0,25.0,,,,
SIMB,S,35509025136606,600,outbid,100,0,0,0,0.0,,,,
SIMB,B,35509025136606,1300,emptied,1200,100,100,0,0.0,300.6,300.615,-1.0,-8.5
SIMB,B,35514477100323,1300,outbid,0,0,0,0,0.0,,,,
SIMB,S,35514477100323,500,filled,600,0,0,0,0.0,300.53,300.525,0.5,-3.5
SIMB,S,35520610459023,500,filled,200,400,400,0,150.0,300.52,300.515,-0.5,-1.5
SIMB,B,35520610459023,1000,outbid,300,200,0,-200,-75.6,,,,
SIMB,B,35526471978374,100,emptied,100,0,0,0,0.0,300.56,300.565,0.5,-6.5
SIMB,S,35526471978374,100,outbid,0,100,0,-100,-25.0,,,,
SIMB,B,35533168811625,500,emptied,500,0,0,0,0.0,300.52,300.525,0.5,-12.5
SIMB,S,35533168811625,400,outbid,100,200,200,0,25.0,,,,
SIMB,B,35539469174291,300,filled,400,0,0,0,0.0,300.38,300.385,1.0,0.0
SIMB,S,35539469174291,100,outbid,0,0,0,0,0.0,,,,
SIMB,S,35552290702945,700,outbid,0,0,0,0,0.0,,,,
SIMB,B,35552290702945,1200,swept,1200,0,0,0,0.0,300.37,300.375,-0.5,1.5
SIMB,S,35558651495971,300,emptied,300,0,0,0,0.0,300.37,300.365,-0.5,-7.0
SIMB,B,35558651495971,700,outbid,100,0,0,0,0.0,,,,
SIMB,B,35564828498622,200,outbid,0,0,0,0,0.0,,,,
SIMB,S,35564828498622,800,outbid,700,0,0,0,0.0,,,,
SIMB,B,35571405149535,200,outbid,0,0,0,0,0.0,,,,
SIMB,S,35571405149535,900,swept,900,0,0,0,0.0,300.46,300.455,-0.0,1.5
SIMB,B,35577973846402,300,emptied,300,0,0,0,0.0,300.47,300.475,-1.5,-1.5
SIMB,S,35577973846402,200,outbid,0,0,0,0,0.0,,,,
SIMB,B,35584569352301,100,emptied,100,0,0,0,0.0,300.44,300.445,0.5,0.5
SIMB,S,35584569352301,700,filled,900,100,0,0,0.0,300.45,300.445,0.5,2.0
SIMB,S,35591082090719,300,filled,400,0,0,0,0.0,300.47,300.465,1.5,6.5
SIMB,B,35591082090719,400,filled,300,200,200,0,0.0,300.46,300.465,-1.0,-6.5
SIMB,B,35597766487576,100,emptied,100,0,0,0,0.0,300.42,300.425,0.5,-4.0
SIMB,S,35597766487576,500,filled,400,600,200,0,0.0,300.43,300.42,1.5,3.5
SIMB,B,35604252321141,200,filled,300,0,0,0,0.0,300.38,300.385,0.0,-0.5
SIMB,S,35604252321141,700,outbid,100,100,100,0,0.0,,,,
SIMB,S,35610241612008,800,swept,800,0,0,0,0.0,300.4,300.395,-0.5,7.5
SIMB,B,35610241612008,400,outbid,100,200,0,-200,-60.0,,,,
SIMB,S,35617038892252,200,outbid,0,0,0,0,0.0,,,,
SIMB,B,35617038892252,1100,emptied,1100,0,0,0,0.0,300.34,300.345,-0.5,-7.5
SIMB,S,35628483488082,200,outbid,100,0,0,0,0.0,,,,
SIMB,B,35628483488082,1000,swept,900,100,100,0,0.0,300.24,300.26,0.5,1.5
SIMB,B,35634759683046,100,outbid,0,0,0,0,0.0,,,,
SIMB,S,35634759683046,1500,filled,1600,0,0,0,0.0,300.25,300.245,-0.0,-5.5
SIMB,B,35641033501084,400,outbid,100,0,0,0,0.0,,,,
SIMB,S,35641033501084,800,swept,800,0,0,0,0.0,300.27,300.265,-0.5,-0.5
SIMB,S,35647347499890,800,outbid,0,0,0,0,0.0,,,,
SIMB,B,35647347499890,700,emptied,700,0,0,0,0.0,300.29,300.3,1.5,-2.5
SIMB,S,35654033235321,100,emptied,100,0,0,0,0.0,300.24,300.235,-2.0,4.0
SIMB,B,35654033235321,1200,outbid,0,500,500,0,0.0,,,,
SIMB,B,35661042563362,1000,filled,1100,0,0,0,0.0,300.2,300.205,-0.5,-2.5
SIMB,S,35661042563362,700,outbid,100,300,100,-200,-100.0,,,,
SIMB,S,35667362526137,600,filled,800,0,0,0,0.0,300.19,300.18,1.0,4.5
SIMB,B,35667362526137,1400,outbid,300,200,0,-200,-141.2,,,,
SIMB,B,35673439234759,600,emptied,500,500,100,0,0.0,300.18,300.185,-0.5,-5.5
SIMB,S,35673439234759,300,filled,400,0,0,0,0.0,300.19,300.18,1.5,6.0
SIMB,B,35679277155991,400,emptied,400,0,0,0,0.0,300.13,300.135,0.0,-2.5
SIMB,S,35679277155991,200,filled,300,0,0,0,0.0,300.14,300.13,1.0,3.5
SIMB,B,35685509657688,1700,outbid,0,0,0,0,0.0,,,,
SIMB,S,35685509657688,500,outbid,100,0,0,0,0.0,,,,
SIMB,B,35691127882942,1200,swept,1200,0,0,0,0.0,300.09,300.1,-1.5,-2.5
SIMB,S,35691127882942,300,outbid,0,200,200,0,0.0,,,,
SIMB,S,35697465725176,100,filled,200,0,0,0,0.0,300.08,300.075,-0.5,-2.5
SIMB,B,35697465725176,1300,outbid,300,0,0,0,0.0,,,,
SIMB,S,35703525780602,400,filled,500,0,0,0,0.0,300.09,300.085,-0.0,1.0
SIMB,B,35703525780602,1200,outbid,300,200,200,0,30.8,,,,
SIMB,S,35710083094816,100,emptied,100,0,0,0,0.0,300.1,300.095,1.5,8.0
SIMB,B,35710083094816,1300,emptied,1200,100,100,0,0.0,300.09,300.1,-0.5,-9.5
SIMB,B,35716389576582,1600,swept,1200,400,400,0,0.0,300.06,300.065,-0.5,-7.5
SIMB,S,35716389576582,600,outbid,400,100,0,-100,-66.7,,,,
SIMB,S,35722956024995,100,outbid,0,0,0,0,0.0,,,,
SIMB,B,35722956024995,900,outbid,400,0,0,0,0.0,,,,
SIMB,S,35729303257599,300,outbid,0,0,0,0,0.0,,,,
SIMB,B,35729303257599,1800,emptied,1800,0,0,0,0.0,299.95,299.97,-5.0,-2.0
SIMB,S,35735785203736,100,emptied,100,0,0,0,0.0,299.92,299.915,1.0,-0.5
SIMB,B,35735785203736,400,emptied,400,0,0,0,0.0,299.91,299.92,-0.5,1.5
SIMB,B,35742188761899,300,emptied,300,0,0,0,0.0,299.94,299.945,-1.0,-1.0
SIMB,S,35742188761899,100,outbid,0,0,0,0,0.0,,,,
SIMB,S,35748632367327,200,swept,200,0,0,0,0.0,299.93,299.925,0.5,7.5
SIMB,B,35748632367327,400,outbid,100,100,0,-100,-23.1,,,,
SIMB,S,35755371820844,200,filled,300,0,0,0,0.0,299.92,299.905,4.5,9.5
SIMB,B,35755371820844,1500,swept,1500,0,0,0,0.0,299.89,299.9,-1.5,-6.5
SIMB,S,35761920362294,300,outbid,0,0,0,0,0.0,,,,
SIMB,B,35761920362294,300,swept,300,0,0,0,0.0,299.79,299.805,0.0,4.5
SIMB,B,35768018105770,100,outbid,0,0,0,0,0.0,,,,
SIMB,S,35768018105770,300,swept,300,0,0,0,0.0,299.87,299.86,1.0,-1.5
SIMB,S,35774567107930,200,swept,200,0,0,0,0.0,299.85,299.845,-1.0,-4.5
SIMB,B,35774567107930,400,outbid,0,0,0,0,0.0,,,,
SIMB,B,35780878173004,600,outbid,0,0,0,0,0.0,,,,
SIMB,S,35780878173004,100,swept,100,0,0,0,0.0,299.87,299.865,-0.0,-2.5
SIMB,B,35786969665764,900,outbid,400,0,0,0,0.0,,,,
SIMB,S,35786969665764,1800,outbid,1100,500,400,-100,-61.0,,,,
SIMB,B,35793599822846,1000,swept,900,100,100,0,0.0,299.86,299.875,-1.0,5.5
SIMB,S,35793599822846,100,outbid,0,0,0,0,0.0,,,,
SIMB,S,35800557978903,400,emptied,400,0,0,0,0.0,299.88,299.875,-2.5,-3.0
SIMB,B,35800557978903,800,outbid,100,100,100,0,22.2,,,,
SIMB,S,35806194972234,100,alone,0,100,100,0,0.0,,,,
SIMB,B,35806194972234,500,alone,400,100,100,0,0.0,,,,
SIMB,B,35811877199752,500,swept,500,0,0,0,0.0,299.9,299.91,-1.0,-2.5
SIMB,S,35811877199752,900,outbid,0,0,0,0,0.0,,,,
SIMB,B,35817873063855,200,outbid,0,0,0,0,0.0,,,,
SIMB,S,35817873063855,200,emptied,200,0,0,0,0.0,299.89,299.885,2.5,-1.0
SIMB,B,35823843008883,200,outbid,0,0,0,0,0.0,,,,
SIMB,S,35823843008883,2200,emptied,2200,0,0,0,0.0,299.9,299.895,-0.5,-6.0
SIMB,B,35835957416881,100,outbid,0,0,0,0,0.0,,,,
SIMB,S,35835957416881,400,outbid,100,0,0,0,0.0,,,,
SIMB,S,35842493253387,800,alone,600,200,200,0,0.0,,,,
SIMB,B,35842493253387,500,filled,400,300,300,0,120.0,299.94,299.95,0.0,-0.5
SIMB,B,35848678494148,200,outbid,0,0,0,0,0.0,,,,
SIMB,S,35848678494148,200,emptied,200,0,0,0,0.0,299.95,299.94,0.5,3.5
SIMB,S,35854605688390,200,filled,300,200,0,0,0.0,299.93,299.92,-0.5,2.0
SIMB,B,35854605688390,2400,outbid,400,500,300,-200,-143.8,,,,
SIMB,B,35860942887736,800,swept,800,0,0,0,0.0,299.91,299.915,0.5,3.5
SIMB,S,35860942887736,700,filled,600,400,200,0,95.7,299.92,299.915,-0.5,-3.5
SIMB,B,35867098387759,300,emptied,300,0,0,0,0.0,299.93,299.935,0.5,6.5
SIMB,S,35867098387759,1500,outbid,100,0,0,0,0.0,,,,
SIMB,S,35873771727839,300,emptied,300,0,0,0,0.0,299.97,299.965,-0.5,-5.0
SIMB,B,35873771727839,300,swept,300,300,0,0,0.0,299.96,299.975,3.5,7.5
SIMB,S,35880003657950,100,emptied,100,0,0,0,0.0,300.0,299.99,0.5,-6.0
SIMB,B,35880003657950,900,outbid,700,0,0,0,0.0,,,,
SIMB,S,35886838385945,1400,emptied,1400,0,0,0,0.0,300.05,300.045,-0.5,-7.5
SIMB,B,35886838385945,200,filled,300,0,0,0,0.0,300.04,300.05,1.5,8.5
SIMB,B,35893225417756,600,emptied,600,0,0,0,0.0,300.13,300.135,-1.5,0.5
SIMB,S,35893225417756,600,outbid,0,0,0,0,0.0,,,,
SIMB,S,35899576546315,200,filled,300,0,0,0,0.0,300.11,300.105,-0.5,0.5
SIMB,B,35899576546315,1900,outbid,0,100,100,0,9.5,,,,
SIMB,S,35905636511552,700,outbid,0,300,300,0,120.7,,,,
SIMB,B,35905636511552,900,outbid,300,100,100,0,14.3,,,,
SIMB,S,35912019991345,800,outbid,0,0,0,0,0.0,,,,
SIMB,B,35912019991345,100,filled,200,200,0,0,0.0,300.11,300.115,-1.0,-2.5
SIMB,B,35917830999814,2600,outbid,0,0,0,0,0.0,,,,
SIMB,S,35917830999814,500,swept,500,0,0,0,0.0,300.12,300.115,0.5,3.5
SIMB,B,35924047894516,1000,outbid,100,0,0,0,0.0,,,,
SIMB,S,35924047894516,900,filled,600,600,400,0,0.0,300.1,300.095,-0.5,7.5
SIMB,B,35938109635132,1000,filled,1000,100,100,0,28.6,300.04,300.045,-1.0,-12.5
SIMB,S,35938109635132,100,outbid,100,0,0,0,0.0,,,,
SIMB,S,35944396073159,300,outbid,0,0,0,0,0.0,,,,
SIMB,B,35944396073159,1500,emptied,1500,0,0,0,0.0,299.99,299.995,-2.5,-12.5
SIMB,S,35950813592303,300,filled,400,0,0,0,0.0,299.88,299.875,0.5,1.5
SIMB,B,35950813592303,1400,filled,1400,300,100,0,0.0,299.87,299.875,0.5,2.0
SIMB,S,35956619392972,800,emptied,800,0,0,0,0.0,299.88,299.87,-1.5,-11.5
SIMB,B,35956619392972,900,outbid,0,300,300,0,0.0,,,,
SIMB,S,35962482982753,100,filled,200,0,0,0,0.0,299.89,299.885,-2.0,-14.0
SIMB,B,35962482982753,300,outbid,0,200,200,0,0.0,,,,
SIMB,B,35968580931916,200,emptied,200,200,0,0,0.0,299.99,300.0,1.5,15.5
SIMB,S,35968580931916,1200,outbid,200,400,100,-300,-207.7,,,,
SIMB,B,35975118248968,100,emptied,100,0,0,0,0.0,300.06,300.08,6.5,10.5
SIMB,S,35975118248968,400,emptied,400,0,0,0,0.0,300.1,300.075,-2.5,-6.5
SIMB,S,35981267182651,100,emptied,100,0,0,0,0.0,300.14,300.135,-1.5,-5.5
SIMB,B,35981267182651,200,outbid,0,0,0,0,0.0,,,,
SIMB,S,35988515309879,800,emptied,500,300,300,0,0.0,300.18,300.175,-0.5,2.5
SIMB,B,35988515309879,500,outbid,400,0,0,0,0.0,,,,
SIMB,S,35995189338421,300,outbid,200,100,0,-100,-33.3,,,,
SIMB,B,35995189338421,1600,emptied,1600,0,0,0,0.0,300.17,300.175,0.0,-10.5
SIMB,B,36001221889226,700,emptied,700,0,0,0,0.0,300.13,300.14,-1.5,-7.5
SIMB,S,36001221889226,100,outbid,0,0,0,0,0.0,,,,
SIMB,S,36007434136074,200,swept,200,0,0,0,0.0,300.07,300.065,0.5,2.0
SIMB,B,36007434136074,700,outbid,100,0,0,0,0.0,,,,
SIMB,B,36012889256382,400,emptied,400,0,0,0,0.0,300.04,300.045,0.5,0.5
SIMB,S,36012889256382,200,filled,300,500,0,0,0.0,300.05,300.045,-0.5,0.5
SIMB,B,36018957307558,700,outbid,0,100,100,0,12.5,,,,
SIMB,S,36018957307558,600,filled,600,200,100,0,0.0,300.06,300.055,0.5,-0.5
SIMB,S,36025560970090,600,emptied,600,300,0,0,0.0,300.05,300.045,-0.5,-5.5
SIMB,B,36025560970090,400,outbid,0,400,200,-200,-31.2,,,,
SIMB,B,36031758098859,700,outbid,100,0,0,0,0.0,,,,
SIMB,S,36031758098859,500,emptied,500,100,0,0,0.0,300.07,300.065,-0.0,-6.5
SIMB,S,36038020628009,1800,filled,1500,400,400,0,0.0,300.12,300.11,-1.0,-0.0
SIMB,B,36038020628009,1100,outbid,400,0,0,0,0.0,,,,
SIMB,S,36043821678540,700,outbid,0,0,0,0,0.0,,,,
SIMB,B,36043821678540,1000,outbid,500,100,100,0,0.0,,,,
SIMB,S,36050242094708,300,outbid,0,0,0,0,0.0,,,,
SIMB,B,36050242094708,1300,emptied,1300,0,0,0,0.0,300.08,300.09,-0.5,3.0
SIMB,B,36056965129466,100,emptied,100,0,0,0,0.0,300.07,300.075,0.5,5.5
SIMB,S,36056965129466,1700,filled,1800,100,0,0,0.0,300.08,300.075,-0.0,-4.0
SIMB,B,36062411291612,300,outbid,0,0,0,0,0.0,,,,
SIMB,S,36062411291612,100,emptied,100,0,0,0,0.0,300.11,300.1,-2.0,-4.5
SIMB,S,36068988422048,200,emptied,200,0,0,0,0.0,300.13,300.125,-0.5,-2.5
SIMB,B,36068988422048,300,outbid,0,0,0,0,0.0,,,,
SIMB,S,36075987975717,100,emptied,100,0,0,0,0.0,300.15,300.145,0.5,-9.5
SIMB,B,36075987975717,700,outbid,0,400,100,-300,-164.4,,,,
SIMB,S,36082269489643,700,swept,700,0,0,0,0.0,300.22,300.195,-1.5,-7.5
SIMB,B,36082269489643,200,outbid,0,0,0,0,0.0,,,,
SIMB,B,36088589779720,300,filled,400,0,0,0,0.0,300.25,300.255,1.5,2.5
SIMB,S,36088589779720,200,swept,200,0,0,0,0.0,300.26,300.255,-0.5,-1.5
SIMB,B,36094443060960,700,filled,800,0,0,0,0.0,300.28,300.285,-1.5,0.0
SIMB,S,36094443060960,300,outbid,200,300,0,-100,-33.3,,,,
SIMB,S,36100680842248,400,swept,400,0,0,0,0.0,300.29,300.285,-1.0,-0.5
SIMB,B,36100680842248,500,outbid,0,100,100,0,0.0,,,,
SIMB,S,36107427525243,1000,filled,1100,0,0,0,0.0,300.27,300.265,-2.5,1.0
SIMB,B,36107427525243,1400,outbid,500,200,100,-100,-20.0,,,,
SIMB,B,36113995357674,200,swept,200,0,0,0,0.0,300.27,300.28,-1.5,-0.5
SIMB,S,36113995357674,200,outbid,0,0,0,0,0.0,,,,
SIMB,B,36120552896127,200,outbid,0,0,0,0,0.0,,,,
SIMB,S,36120552896127,900,filled,700,300,300,0,107.1,300.28,300.275,-0.0,3.5
SIMB,S,36132304596282,1800,outbid,0,200,200,0,10.5,,,,
SIMB,B,36132304596282,200,swept,200,0,0,0,0.0,300.25,300.255,-1.0,-3.5
SIMB,S,36138882149706,1000,outbid,100,300,300,0,0.0,,,,
SIMB,B,36138882149706,1500,emptied,1500,0,0,0,0.0,300.2,300.205,2.0,4.5
SIMB,B,36145663485016,200,emptied,200,0,0,0,0.0,300.21,300.215,1.5,5.0
SIMB,S,36145663485016,300,outbid,0,100,100,0,0.0,,,,
SIMB,S,36158326879197,900,outbid,0,0,0,0,0.0,,,,
SIMB,B,36158326879197,100,filled,200,0,0,0,0.0,300.29,300.295,1.5,2.5
SIMB,B,36165045530995,600,swept,400,200,200,0,0.0,300.3,300.305,-0.5,12.0
SIMB,S,36165045530995,1200,outbid,1100,0,0,0,0.0,,,,
SIMB,B,36171144154448,100,outbid,0,0,0,0,0.0,,,,
SIMB,S,36171144154448,400,emptied,400,0,0,0,0.0,300.37,300.365,-1.5,-7.5
SIMB,B,36177310719778,200,emptied,100,200,100,0,0.0,300.46,300.465,-1.0,-4.5
SIMB,S,36177310719778,1900,outbid,300,200,100,-100,-78.6,,,,
SIMB,S,36183905260699,2300,outbid,0,0,0,0,0.0,,,,
SIMB,B,36183905260699,100,swept,100,0,0,0,0.0,300.45,300.455,-0.5,-11.0
SIMB,S,36189656948221,200,emptied,200,0,0,0,0.0,300.4,300.395,0.5,5.5
SIMB,B,36189656948221,2200,emptied,2100,100,100,0,0.0,300.39,300.395,-1.5,-5.5
SIMB,S,36195569339795,100,outbid,0,0,0,0,0.0,,,,
SIMB,B,36195569339795,300,swept,300,0,0,0,0.0,300.32,300.325,1.5,-0.5
SIMB,S,36202216507573,100,emptied,100,0,0,0,0.0,300.34,300.335,1.0,-0.5
SIMB,B,36202216507573,400,emptied,300,100,100,0,0.0,300.33,300.335,0.0,1.5
SIMB,B,36208568499457,300,emptied,300,100,0,0,0.0,300.32,300.325,0.0,1.5
SIMB,S,36208568499457,800,filled,900,0,0,0,0.0,300.33,300.32,-0.5,-1.5
SIMB,S,36214442151647,1100,alone,300,800,800,0,0.0,,,,
SIMB,B,36214442151647,1800,outbid,0,300,300,0,0.0,,,,
SIMB,S,36220744844361,1800,emptied,1800,0,0,0,0.0,300.36,300.345,-0.0,0.5
SIMB,B,36220744844361,100,outbid,0,0,0,0,0.0,,,,
SIMB,S,36227076961325,100,swept,100,0,0,0,0.0,300.35,300.335,-1.5,-3.5
SIMB,B,36227076961325,1400,outbid,0,200,200,0,0.0,,,,
SIMB,B,36233686579264,200,emptied,200,0,0,0,0.0,300.34,300.345,0.5,9.5
SIMB,S,36233686579264,100,emptied,100,0,0,0,0.0,300.35,300.34,0.5,-8.5
SIMB,B,36239600765650,100,swept,100,0,0,0,0.0,300.42,300.425,0.5,2.5
SIMB,S,36239600765650,900,filled,900,100,100,0,0.0,300.43,300.425,-1.5,-1.5
SIMB,S,36245534308061,200,outbid,0,0,0,0,0.0,,,,
SIMB,B,36245534308061,1300,outbid,800,400,200,-200,16.1,,,,
SIMB,B,36252760585460,200,emptied,200,0,0,0,0.0,300.44,300.445,0.0,-5.0
SIMB,S,36252760585460,700,outbid,300,0,0,0,0.0,,,,
SIMB,B,36259606406762,1900,swept,1900,0,0,0,0.0,300.41,300.415,-1.0,-10.5
SIMB,S,36259606406762,400,outbid,0,400,400,0,50.0,,,,
SIMB,S,36265656333459,100,outbid,0,0,0,0,0.0,,,,
SIMB,B,36265656333459,700,swept,700,0,0,0,0.0,300.3,300.305,-0.5,3.5
SIMB,S,36272363626255,800,outbid,0,0,0,0,0.0,,,,
SIMB,B,36272363626255,200,filled,400,0,0,0,0.0,300.31,300.32,1.5,3.0
SIMB,B,36278910332852,100,swept,100,0,0,0,0.0,300.33,300.335,0.0,3.5
SIMB,S,36278910332852,200,outbid,100,0,0,0,0.0,,,,
SIMB,B,36284850025823,1400,outbid,300,100,100,0,0.0,,,,
SIMB,S,36284850025823,1700,filled,1900,0,0,0,0.0,300.37,300.365,-0.0,5.5
SIMB,S,36291050137666,300,outbid,0,0,0,0,0.0,,,,
SIMB,B,36291050137666,1300,emptied,1300,0,0,0,0.0,300.32,300.325,1.0,-4.0
SIMB,S,36297753798069,1000,outbid,0,300,300,0,0.0,,,,
SIMB,B,36297753798069,600,emptied,600,0,0,0,0.0,300.34,300.35,-2.5,-10.5
SIMB,S,36304237685269,300,outbid,0,0,0,0,0.0,,,,
SIMB,B,36304237685269,1800,outbid,100,700,700,0,0.0,,,,
SIMB,S,36310711355275,200,outbid,0,0,0,0,0.0,,,,
SIMB,B,36310711355275,1200,swept,1000,200,200,0,0.0,300.22,300.225,-1.5,-1.5
SIMB,S,36316766791586,700,outbid,0,0,0,0,0.0,,,,
SIMB,B,36316766791586,2600,filled,2400,400,300,0,0.0,300.2,300.205,0.5,2.5
SIMB,B,36323248179424,400,outbid,0,100,100,0,0.0,,,,
SIMB,S,36323248179424,100,swept,100,0,0,0,0.0,300.21,300.205,-0.5,-0.5
SIMB,S,36328856143148,200,emptied,200,0,0,0,0.0,300.19,300.185,-2.0,-2.5
SIMB,B,36328856143148,200,emptied,200,0,0,0,0.0,300.18,300.19,3.5,2.0
SIMB,S,36335279813069,200,emptied,200,0,0,0,0.0,300.23,300.22,-0.5,6.5
SIMB,B,36335279813069,100,outbid,0,0,0,0,0.0,,,,
SIMB,S,36341038159952,200,emptied,200,0,0,0,0.0,300.21,300.2,1.5,7.5
SIMB,B,36341038159952,600,outbid,200,0,0,0,0.0,,,,
SIMB,S,36346847368575,600,outbid,0,0,0,0,0.0,,,,
SIMB,B,36346847368575,2000,emptied,1900,100,100,0,0.0,300.15,300.16,-0.5,-3.5
SIMB,S,36354032395356,500,filled,600,0,0,0,0.0,300.1,300.095,-1.5,-3.5
SIMB,B,36354032395356,1800,outbid,800,600,500,-100,-57.9,,,,
SIMB,S,36360054360284,300,emptied,300,0,0,0,0.0,300.15,300.145,-1.0,3.0
SIMB,B,36360054360284,100,outbid,0,0,0,0,0.0,,,,
SIMB,B,36367056143908,1000,outbid,0,0,0,0,0.0,,,,
SIMB,S,36367056143908,1000,outbid,0,0,0,0,0.0,,,,
SIMB,S,36373536703699,300,swept,300,0,0,0,0.0,300.15,300.13,-2.5,-12.5
SIMB,B,36373536703699,2300,outbid,300,100,100,0,0.0,,,,
SIMB,B,36379713139809,200,outbid,0,0,0,0,0.0,,,,
SIMB,S,36379713139809,300,emptied,300,0,0,0,0.0,300.25,300.245,-1.5,-8.5
SIMB,S,36386433618745,200,swept,200,0,0,0,0.0,300.3,300.285,-2.5,2.5
SIMB,B,36386433618745,100,outbid,0,0,0,0,0.0,,,,
SIMB,S,36392663628809,400,emptied,400,0,0,0,0.0,300.29,300.285,-0.0,-5.5
SIMB,B,36392663628809,500,outbid,0,0,0,0,0.0,,,,
SIMB,B,36399468459786,100,emptied,100,0,0,0,0.0,300.29,300.295,1.5,7.5
SIMB,S,36399468459786,1000,swept,1000,0,0,0,0.0,300.3,300.295,-0.0,-6.5
SIMB,B,36405306319626,700,outbid,0,100,100,0,0.0,,,,
SIMB,S,36405306319626,1100,filled,1000,200,200,0,25.0,300.37,300.365,-0.5,2.5
SIMB,S,36411701046274,300,emptied,300,0,0,0,0.0,300.36,300.355,0.5,0.5
SIMB,B,36411701046274,1500,filled,1500,600,100,0,0.0,300.35,300.355,-0.5,1.5
SIMB,B,36418848805296,500,emptied,500,0,0,0,0.0,300.35,300.355,-1.5,1.5
SIMB,S,36418848805296,100,outbid,0,0,0,0,0.0,,,,
SIMB,S,36424595938809,200,emptied,200,0,0,0,0.0,300.37,300.36,0.5,1.5
SIMB,B,36424595938809,700,outbid,0,200,200,0,0.0,,,,
SIMB,B,36431114741977,1500,emptied,1400,200,100,0,0.0,300.36,300.365,-0.5,-10.5
SIMB,S,36431114741977,600,outbid,300,100,0,-100,-15.8,,,,
SIMB,S,36437224544942,400,filled,100,400,400,0,80.0,300.35,300.345,0.5,14.5
SIMB,B,36437224544942,1100,filled,1100,100,100,0,8.3,300.34,300.345,-0.5,-13.5
SIMB,B,36442736662910,700,outbid,0,0,0,0,0.0,,,,
SIMB,S,36442736662910,100,swept,100,0,0,0,0.0,300.26,300.255,0.5,7.0
SIMB,S,36449200101900,800,outbid,0,0,0,0,0.0,,,,
SIMB,B,36449200101900,1800,emptied,1700,100,100,0,0.0,300.18,300.19,-0.5,3.0
SIMB,S,36455984632185,200,emptied,200,0,0,0,0.0,300.23,300.22,1.5,8.5
SIMB,B,36455984632185,100,outbid,0,0,0,0,0.0,,,,
SIMB,B,36462733191041,800,emptied,800,0,0,0,0.0,300.2,300.21,-0.5,-11.0
SIMB,S,36462733191041,300,filled,300,200,200,0,0.0,300.22,300.205,2.5,13.0
SIMB,B,36468080940001,100,emptied,100,0,0,0,0.0,300.12,300.13,-0.5,-0.5
SIMB,S,36468080940001,200,outbid,0,0,0,0,0.0,,,,
SIMB,S,36474631424337,300,outbid,0,0,0,0,0.0,,,,
SIMB,B,36474631424337,200,outbid,0,0,0,0,0.0,,,,
SIMB,B,36481915752142,500,emptied,500,0,0,0,0.0,300.09,300.1,-1.0,-3.5
SIMB,S,36481915752142,300,outbid,100,0,0,0,0.0,,,,
SIMB,S,36488846187738,500,filled,500,100,100,0,28.6,300.04,300.03,-0.0,-6.5
SIMB,B,36488846187738,400,outbid,100,0,0,0,0.0,,,,
SIMB,S,36496735684437,500,swept,500,0,0,0,0.0,300.06,300.055,-1.0,-10.0
SIMB,B,36496735684437,600,outbid,200,300,100,-200,-133.3,,,,
SIMB,S,36503124658852,500,outbid,0,0,0,0,0.0,,,,
SIMB,B,36503124658852,600,alone,500,100,100,0,0.0,,,,
SIMB,S,36509330537271,1100,emptied,800,300,300,0,0.0,300.17,300.165,0.5,10.5
SIMB,B,36509330537271,300,filled,300,100,100,0,50.0,300.16,300.17,-0.5,-9.5
SIMB,S,36521038311503,100,swept,100,0,0,0,0.0,300.08,300.075,-1.5,1.0
SIMB,B,36521038311503,700,outbid,0,0,0,0,0.0,,,,
SIMB,B,36526849307790,200,emptied,200,0,0,0,0.0,300.08,300.09,-0.5,0.5
SIMB,S,36526849307790,500,outbid,0,100,100,0,0.0,,,,
SIMB,B,36533321605305,400,filled,600,200,0,0,0.0,300.08,300.085,0.0,-4.0
SIMB,S,36533321605305,100,outbid,100,0,0,0,0.0,,,,
SIMB,S,36540045195589,700,outbid,0,0,0,0,0.0,,,,
SIMB,B,36540045195589,1000,emptied,1000,0,0,0,0.0,300.06,300.065,0.0,-3.5
SIMB,B,36546438475393,100,emptied,100,0,0,0,0.0,300.04,300.045,-0.5,-4.5
SIMB,S,36546438475393,400,outbid,300,0,0,0,0.0,,,,
SIMB,B,36552736494467,100,alone,0,100,100,0,0.0,,,,
SIMB,S,36552736494467,400,outbid,100,100,0,-100,-80.0,,,,
SIMB,B,36559163999041,1700,emptied,1600,100,100,0,0.0,299.98,299.985,-0.5,10.5
SIMB,S,36559163999041,500,outbid,300,200,200,0,57.1,,,,
SIMB,B,36565190174263,100,outbid,0,0,0,0,0.0,,,,
SIMB,S,36565190174263,800,swept,800,0,0,0,0.0,300.05,300.015,-3.0,-1.5
SIMB,B,36571341176333,300,emptied,300,0,0,0,0.0,300.08,300.085,-0.5,-6.0
SIMB,S,36571341176333,500,outbid,300,100,0,-100,-66.7,,,,
SIMB,S,36577432896094,600,outbid,0,0,0,0,0.0,,,,
SIMB,B,36577432896094,2000,emptied,2000,0,0,0,0.0,300.04,300.055,-1.5,1.5
SIMB,B,36583615928136,100,emptied,100,0,0,0,0.0,300.02,300.03,4.0,3.5
SIMB,S,36583615928136,1000,swept,1000,0,0,0,0.0,300.04,300.02,-2.5,-1.5
SIMB,B,36590250892692,200,filled,300,0,0,0,0.0,300.06,300.065,-0.5,0.5
SIMB,S,36590250892692,300,outbid,300,100,0,0,0.0,,,,
SIMB,S,36596771404455,1900,outbid,0,0,0,0,0.0,,,,
SIMB,B,36596771404455,200,filled,300,100,100,0,66.7,300.06,300.065,-0.5,1.5
SIMB,B,36603401019848,300,emptied,300,0,0,0,0.0,300.06,300.07,0.5,2.0
SIMB,S,36603401019848,900,outbid,300,100,100,0,25.0,,,,
SIMB,S,36609805351238,1100,outbid,0,0,0,0,0.0,,,,
SIMB,B,36609805351238,200,filled,300,0,0,0,0.0,300.08,300.09,2.5,3.5
SIMB,S,36615911573107,1300,outbid,0,0,0,0,0.0,,,,
SIMB,B,36615911573107,200,swept,200,0,0,0,0.0,300.1,300.105,0.0,4.5
SIMB,B,36622336579621,100,filled,200,0,0,0,0.0,300.12,300.125,0.5,3.0
SIMB,S,36622336579621,1300,alone,1200,100,100,0,0.0,,,,
SIMB,B,36629073638271,700,outbid,0,0,0,0,0.0,,,,
SIMB,S,36629073638271,1600,outbid,200,100,0,-100,-73.7,,,,
SIMB,S,36635705942457,400,emptied,400,0,0,0,0.0,300.15,300.145,0.5,6.5
SIMB,B,36635705942457,900,outbid,0,0,0,0,0.0,,,,
SIMB,S,36642319228070,2100,outbid,0,100,100,0,0.0,,,,
SIMB,B,36642319228070,500,swept,500,0,0,0,0.0,300.14,300.145,0.5,-14.5
SIMB,S,36647652453271,500,outbid,0,0,0,0,0.0,,,,
SIMB,B,36647652453271,1400,emptied,1300,100,100,0,0.0,300.05,300.06,0.0,-9.5
SIMB,B,36654440453471,1000,emptied,1000,0,0,0,0.0,299.98,299.985,-0.5,-9.0
SIMB,S,36654440453471,400,swept,200,200,200,0,0.0,299.99,299.98,1.5,10.5
SIMB,B,36659639275978,700,swept,700,0,0,0,0.0,299.93,299.935,-1.0,-9.5
SIMB,S,36659639275978,500,outbid,0,0,0,0,0.0,,,,
SIMB,S,36666146188495,300,filled,200,200,200,0,120.0,299.86,299.855,0.5,3.5
SIMB,B,36666146188495,2800,filled,2500,400,400,0,0.0,299.85,299.855,-1.5,-5.5
SIMB,B,36672976561528,1400,filled,1500,200,200,0,0.0,299.82,299.825,0.0,-3.5
SIMB,S,36672976561528,400,outbid,200,0,0,0,0.0,,,,
SIMB,S,36678518736025,400,outbid,0,0,0,0,0.0,,,,
SIMB,B,36678518736025,2500,filled,2100,900,500,0,0.0,299.79,299.8,-0.5,-5.0
SIMB,B,36684664592352,100,filled,200,0,0,0,0.0,299.79,299.795,-0.5,-1.5
SIMB,S,36684664592352,200,outbid,200,200,0,0,0.0,,,,
SIMB,S,36690894367375,100,emptied,100,200,0,0,0.0,299.75,299.745,-0.5,-6.5
SIMB,B,36690894367375,200,outbid,0,100,100,0,0.0,,,,
SIMB,B,36696677828206,100,outbid,0,0,0,0,0.0,,,,
SIMB,S,36696677828206,900,swept,900,0,0,0,0.0,299.79,299.785,-0.5,-4.0
SIMB,S,36702949004626,500,outbid,100,0,0,0,0.0,,,,
SIMB,B,36702949004626,400,outbid,0,100,100,0,0.0,,,,
SIMB,B,36709806024459,600,outbid,100,100,100,0,37.5,,,,
SIMB,S,36709806024459,400,filled,400,400,100,0,0.0,299.81,299.805,-0.5,-2.5
SIMB,B,36716048791539,200,alone,100,100,100,0,0.0,,,,
SIMB,S,36716048791539,500,outbid,200,0,0,0,0.0,,,,
SIMB,B,36721937412051,200,outbid,0,0,0,0,0.0,,,,
SIMB,S,36721937412051,1800,outbid,1000,0,0,0,0.0,,,,
SIMB,S,36728686434537,500,outbid,0,0,0,0,0.0,,,,
SIMB,B,36728686434537,700,emptied,700,0,0,0,0.0,299.8,299.81,-0.5,-7.5
SIMB,B,36734696124111,1300,filled,1300,400,200,0,10.0,299.78,299.785,-0.5,-10.0
SIMB,S,36734696124111,500,outbid,200,300,300,0,220.0,,,,
SIMB,B,36741453081060,100,outbid,0,0,0,0,0.0,,,,
SIMB,S,36741453081060,400,outbid,100,0,0,0,0.0,,,,
SIMB,B,36747658133767,600,emptied,500,100,100,0,0.0,299.62,299.635,-3.5,-6.0
SIMB,S,36747658133767,100,emptied,100,0,0,0,0.0,299.65,299.63,6.5,9.0
SIMB,S,36753752782692,200,filled,300,0,0,0,0.0,299.54,299.535,-0.5,3.5
SIMB,B,36753752782692,200,filled,400,500,0,0,0.0,299.53,299.54,1.5,-1.5
SIMB,B,36760233965916,600,emptied,600,0,0,0,0.0,299.54,299.545,-0.5,-6.0
SIMB,S,36760233965916,400,outbid,100,0,0,0,0.0,,,,
SIMB,B,36766609651337,400,emptied,400,0,0,0,0.0,299.5,299.505,-1.0,-10.0
SIMB,S,36766609651337,500,outbid,0,0,0,0,0.0,,,,
SIMB,S,36772933198971,100,swept,100,0,0,0,0.0,299.4,299.395,-1.5,1.5
SIMB,B,36772933198971,200,outbid,0,0,0,0,0.0,,,,
SIMB,S,36778628949161,400,outbid,0,0,0,0,0.0,,,,
SIMB,B,36778628949161,800,outbid,400,100,0,-100,-30.8,,,,
SIMB,B,36784778456134,800,emptied,800,0,0,0,0.0,299.36,299.365,-0.5,-10.5
SIMB,S,36784778456134,300,outbid,0,0,0,0,0.0,,,,
SIMB,S,36790453765592,200,outbid,0,0,0,0,0.0,,,,
SIMB,B,36790453765592,300,filled,400,0,0,0,0.0,299.25,299.26,0.5,6.0
SIMB,B,36796448233737,800,outbid,0,0,0,0,0.0,,,,
SIMB,S,36796448233737,1900,filled,1800,300,200,0,0.0,299.28,299.275,-2.5,-2.0
SIMB,B,36802487651960,200,emptied,200,0,0,0,0.0,299.3,299.31,0.5,0.0
SIMB,S,36802487651960,1400,outbid,0,200,200,0,0.0,,,,
SIMB,B,36808672064579,200,emptied,200,0,0,0,0.0,299.29,299.295,0.5,-4.0
SIMB,S,36808672064579,200,outbid,0,0,0,0,0.0,,,,
SIMB,S,36815655235054,300,outbid,0,0,0,0,0.0,,,,
SIMB,B,36815655235054,1600,filled,1600,100,100,0,25.0,299.25,299.255,-0.5,-0.5
SIMB,B,36821732746690,1000,outbid,0,0,0,0,0.0,,,,
SIMB,S,36821732746690,400,filled,500,0,0,0,0.0,299.23,299.225,-1.0,-0.0
SIMB,S,36827195801246,100,outbid,0,0,0,0,0.0,,,,
SIMB,B,36827195801246,400,swept,400,0,0,0,0.0,299.22,299.225,-1.5,-3.0
SIMB,S,36832962155486,300,outbid,0,0,0,0,0.0,,,,
SIMB,B,36832962155486,1500,outbid,1100,300,0,-300,-100.0,,,,
SIMB,B,36838959906438,900,outbid,0,0,0,0,0.0,,,,
SIMB,S,36838959906438,2100,outbid,200,100,100,0,17.4,,,,
SIMB,S,36844974756279,200,filled,300,0,0,0,0.0,299.2,299.195,-0.5,1.0
SIMB,B,36844974756279,400,outbid,0,100,0,-100,-80.0,,,,
SIMB,B,36851479300271,1200,swept,1000,200,200,0,0.0,299.21,299.215,-0.5,1.0
SIMB,S,36851479300271,1100,filled,1000,700,200,0,40.5,299.22,299.2,2.0,-1.0
SIMB,B,36858097590987,200,alone,0,200,200,0,0.0,,,,
SIMB,S,36858097590987,100,outbid,0,0,0,0,0.0,,,,
SIMB,B,36863944004841,300,outbid,0,0,0,0,0.0,,,,
SIMB,S,36863944004841,1600,emptied,1500,100,100,0,0.0,299.24,299.235,1.5,-2.0
SIMB,B,36875623617214,200,emptied,200,0,0,0,0.0,299.27,299.275,2.0,3.5
SIMB,S,36875623617214,1100,emptied,1100,0,0,0,0.0,299.28,299.27,-1.0,-2.5
SIMB,B,36881721586987,500,outbid,0,0,0,0,0.0,,,,
SIMB,S,36881721586987,200,swept,200,0,0,0,0.0,299.31,299.305,-0.5,0.5
SIMB,S,36888171444070,100,emptied,100,0,0,0,0.0,299.31,299.3,1.5,-1.5
SIMB,B,36888171444070,1800,filled,1300,600,600,0,0.0,299.29,299.295,0.0,2.5
SIMB,B,36894380248824,300,swept,300,0,0,0,0.0,299.31,299.315,0.5,4.5
SIMB,S,36894380248824,2100,outbid,500,0,0,0,0.0,,,,
SIMB,B,36899662479551,200,emptied,200,0,0,0,0.0,299.3,299.305,-0.5,4.0
SIMB,S,36899662479551,100,outbid,0,0,0,0,0.0,,,,
SIMB,B,36906090833018,900,filled,1000,100,0,0,0.0,299.35,299.355,0.0,-4.0
SIMB,S,36906090833018,1300,outbid,1100,600,200,0,0.0,,,,
SIMB,B,36912228866214,1600,filled,1300,600,400,0,0.0,299.33,299.335,-0.5,-4.0
SIMB,S,36912228866214,500,filled,600,300,0,0,0.0,299.34,299.33,2.5,6.5
SIMB,S,36919092748384,700,filled,700,200,100,0,0.0,299.32,299.315,0.5,6.5
SIMB,B,36919092748384,700,filled,800,600,0,0,0.0,299.31,299.315,-0.5,-8.5
SIMB,B,36925375029220,900,swept,900,0,0,0,0.0,299.26,299.265,0.0,-9.5
SIMB,S,36925375029220,800,outbid,400,300,200,-100,0.0,,,,
SIMB,B,36931938062191,800,swept,400,400,400,0,0.0,299.22,299.225,-2.0,-6.5
SIMB,S,36931938062191,400,outbid,100,100,0,-100,-75.0,,,,
SIMB,S,36938414087816,300,outbid,0,0,0,0,0.0,,,,
SIMB,B,36938414087816,500,outbid,100,0,0,0,0.0,,,,
SIMB,B,36952186682148,100,outbid,0,0,0,0,0.0,,,,
SIMB,S,36952186682148,600,emptied,500,100,100,0,0.0,299.19,299.185,-2.5,0.5
SIMB,S,36958098648635,400,outbid,0,0,0,0,0.0,,,,
SIMB,B,36958098648635,100,filled,300,0,0,0,0.0,299.19,299.195,1.5,-4.0
SIMB,S,36963882505730,200,swept,200,0,0,0,0.0,299.18,299.175,0.5,7.0
SIMB,B,36963882505730,1600,swept,1500,100,100,0,0.0,299.17,299.18,-1.5,-6.5
SIMB,B,36969925038518,2700,swept,2500,200,200,0,0.0,299.14,299.145,-0.5,-9.0
SIMB,S,36969925038518,100,outbid,100,0,0,0,0.0,,,,
SIMB,S,36976148771245,100,outbid,0,0,0,0,0.0,,,,
SIMB,B,36976148771245,900,emptied,900,0,0,0,0.0,299.06,299.065,0.0,3.5
SIMB,S,36982331041865,700,swept,700,0,0,0,0.0,299.07,299.065,-1.0,-3.5
SIMB,B,36982331041865,100,outbid,100,0,0,0,0.0,,,,
SIMB,S,36989162464969,800,filled,900,0,0,0,0.0,299.11,299.105,0.5,1.5
SIMB,B,36989162464969,900,filled,900,400,100,0,0.0,299.1,299.105,0.5,1.0
SIMB,B,36995409236759,1300,swept,1300,0,0,0,0.0,299.08,299.095,0.5,3.5
SIMB,S,36995409236759,1400,outbid,0,200,0,-200,-175.0,,,,
SIMB,B,37001539770563,100,emptied,100,0,0,0,0.0,299.11,299.115,0.0,0.5
SIMB,S,37001539770563,3000,outbid,200,0,0,0,0.0,,,,
SIMB,S,37008131134457,1200,filled,1300,0,0,0,0.0,299.13,299.125,-0.0,6.0
SIMB,B,37008131134457,800,outbid,100,500,500,0,100.0,,,,
SIMB,B,37014091978772,300,emptied,300,0,0,0,0.0,299.1,299.105,-0.5,-8.0
SIMB,S,37014091978772,200,outbid,100,0,0,0,0.0,,,,
SIMB,S,37020196513789,100,filled,300,0,0,0,0.0,299.08,299.065,4.5,2.5
SIMB,B,37020196513789,1100,swept,1100,0,0,0,0.0,299.05,299.07,-1.5,0.0
SIMB,S,37026381305659,300,emptied,300,0,0,0,0.0,299.02,299.01,-0.0,-4.5
SIMB,B,37026381305659,600,outbid,0,0,0,0,0.0,,,,
SIMB,B,37032691554528,100,outbid,0,0,0,0,0.0,,,,
SIMB,S,37032691554528,2800,outbid,400,0,0,0,0.0,,,,
SIMB,S,37039120919441,500,emptied,500,0,0,0,0.0,299.08,299.075,1.0,1.0
SIMB,B,37039120919441,400,emptied,300,100,100,0,0.0,299.07,299.08,1.5,1.5
SIMB,S,37045913404150,100,filled,200,0,0,0,0.0,299.06,299.055,-1.5,1.0
SIMB,B,37045913404150,1700,outbid,200,100,0,-100,-93.8,,,,
SIMB,S,37051711214462,300,filled,300,100,100,0,33.3,299.06,299.055,-0.5,-1.5
SIMB,B,37051711214462,1900,outbid,0,100,100,0,17.4,,,,
SIMB,B,37057945029345,600,swept,600,0,0,0,0.0,299.03,299.035,0.5,11.5
SIMB,S,37057945029345,400,outbid,0,0,0,0,0.0,,,,
SIMB,B,37064100168945,200,filled,300,0,0,0,0.0,299.1,299.105,0.5,9.0
SIMB,S,37064100168945,600,filled,700,100,0,0,0.0,299.11,299.105,-0.5,-8.5
SIMB,S,37070444875406,600,filled,900,0,0,0,0.0,299.2,299.195,0.5,1.0
SIMB,B,37070444875406,300,filled,400,400,0,0,0.0,299.19,299.195,1.0,-0.5
SIMB,S,37076423169531,200,outbid,0,0,0,0,0.0,,,,
SIMB,B,37076423169531,300,filled,400,0,0,0,0.0,299.19,299.195,1.0,1.0
SIMB,B,37082537047274,600,filled,700,0,0,0,0.0,299.18,299.19,2.5,4.0
SIMB,S,37082537047274,600,outbid,100,200,100,-100,-66.7,,,,
SIMB,B,37088794965220,100,swept,100,0,0,0,0.0,299.23,299.235,-0.5,-6.5
SIMB,S,37088794965220,900,swept,800,100,100,0,0.0,299.24,299.235,1.5,7.5
SIMB,S,37095028152393,100,filled,200,0,0,0,0.0,299.19,299.185,1.0,1.5
SIMB,B,37095028152393,1300,filled,1200,300,200,0,0.0,299.18,299.185,0.0,0.5
SIMB,B,37101410913856,800,outbid,0,100,100,0,0.0,,,,
SIMB,S,37101410913856,1100,filled,1100,100,100,0,0.0,299.15,299.145,-0.5,-3.5
SIMB,B,37107357422899,300,emptied,300,0,0,0,0.0,299.17,299.175,0.5,2.5
SIMB,S,37107357422899,500,outbid,500,300,0,0,0.0,,,,
SIMB,S,37113707130684,800,filled,900,200,0,0,0.0,299.19,299.185,-0.0,-2.0
SIMB,B,37113707130684,700,filled,600,500,200,0,0.0,299.18,299.195,3.0,0.5
SIMB,B,37119948122781,500,emptied,500,0,0,0,0.0,299.18,299.19,-1.5,4.5
SIMB,S,37119948122781,100,outbid,0,0,0,0,0.0,,,,
SIMB,B,37126307748991,1300,outbid,0,0,0,0,0.0,,,,
SIMB,S,37126307748991,800,outbid,100,100,100,0,0.0,,,,
SIMB,S,37132178027048,100,filled,200,0,0,0,0.0,299.22,299.215,2.5,-0.0
SIMB,B,37132178027048,500,emptied,200,300,300,0,0.0,299.21,299.215,-1.5,1.0
SIMB,B,37138863670971,800,outbid,200,200,200,0,0.0,,,,
SIMB,S,37138863670971,400,alone,200,200,200,0,0.0,,,,
SIMB,B,37144997454380,100,outbid,0,0,0,0,0.0,,,,
SIMB,S,37144997454380,1500,outbid,0,100,0,-100,-93.8,,,,
SIMB,B,37151533219006,800,filled,900,0,0,0,0.0,299.22,299.225,0.0,-9.5
SIMB,S,37151533219006,800,outbid,500,100,0,-100,-75.0,,,,
SIMB,S,37158240566357,700,outbid,100,200,200,0,0.0,,,,
SIMB,B,37158240566357,1400,emptied,1400,0,0,0,0.0,299.15,299.155,0.0,-2.5
SIMB,B,37164415738354,200,swept,200,0,0,0,0.0,299.09,299.095,0.0,2.0
SIMB,S,37164415738354,200,filled,300,0,0,0,0.0,299.1,299.09,1.0,-0.5
SIMB,B,37170097907439,400,emptied,400,0,0,0,0.0,299.13,299.135,-0.5,-2.5
SIMB,S,37170097907439,1300,outbid,100,0,0,0,0.0,,,,
SIMB,B,37176934579732,100,swept,100,0,0,0,0.0,299.1,299.105,-1.5,2.5
SIMB,S,37176934579732,100,outbid,0,0,0,0,0.0,,,,
SIMB,B,37183232766015,200,emptied,200,0,0,0,0.0,299.09,299.095,0.5,-2.5
SIMB,S,37183232766015,500,swept,500,0,0,0,0.0,299.1,299.095,2.0,3.5
SIMB,B,37189052648413,600,filled,700,0,0,0,0.0,299.09,299.095,0.5,-3.5
SIMB,S,37189052648413,400,outbid,200,100,100,0,0.0,,,,
SIMB,B,37195075609719,900,emptied,900,0,0,0,0.0,299.04,299.045,-0.5,2.5
SIMB,S,37195075609719,300,outbid,200,0,0,0,0.0,,,,
SIMB,B,37201482112550,500,alone,100,400,400,0,0.0,,,,
SIMB,S,37201482112550,800,filled,800,200,200,0,163.6,299.06,299.055,-0.5,3.0
SIMB,B,37208096642994,900,emptied,900,0,0,0,0.0,299.05,299.06,-0.5,-4.0
SIMB,S,37208096642994,500,outbid,100,0,0,0,0.0,,,,
SIMB,B,37214346921516,100,emptied,100,0,0,0,0.0,299.01,299.015,-2.5,-1.5
SIMB,S,37214346921516,100,emptied,100,0,0,0,0.0,299.02,299.01,3.5,2.5
SIMB,B,37220368235604,900,emptied,800,100,100,0,0.0,298.97,298.975,0.0,12.0
SIMB,S,37220368235604,500,outbid,100,300,100,-200,-40.0,,,,
SIMB,S,37226088935143,1200,swept,1200,0,0,0,0.0,299.05,299.04,-2.5,-4.5
SIMB,B,37226088935143,900,outbid,300,200,200,0,0.0,,,,
SIMB,S,37231849997740,100,swept,100,0,0,0,0.0,299.08,299.07,1.5,-6.0
SIMB,B,37231849997740,800,outbid,200,0,0,0,0.0,,,,
SIMB,S,37238611033993,2100,swept,2000,100,100,0,0.0,299.12,299.115,-1.5,-5.0
SIMB,B,37238611033993,200,filled,300,0,0,0,0.0,299.11,299.12,3.0,6.0
SIMB,S,37244775690364,400,filled,500,0,0,0,0.0,299.15,299.145,-0.5,-10.5
SIMB,B,37244775690364,700,outbid,200,100,100,0,41.7,,,,
SIMB,B,37250995217022,400,outbid,300,0,0,0,0.0,,,,
SIMB,S,37250995217022,400,swept,400,0,0,0,0.0,299.18,299.175,-3.0,-2.0
SIMB,S,37257206913317,100,emptied,100,0,0,0,0.0,299.26,299.25,2.5,7.5
SIMB,B,37257206913317,300,outbid,200,0,0,0,0.0,,,,
SIMB,S,37262640165310,800,filled,900,0,0,0,0.0,299.2,299.195,-1.0,1.0
SIMB,B,37262640165310,500,outbid,400,200,100,0,0.0,,,,
SIMB,B,37269166121555,1100,emptied,1100,0,0,0,0.0,299.18,299.185,0.0,-7.5
SIMB,S,37269166121555,200,outbid,0,100,100,0,0.0,,,,
SIMB,S,37275703100600,900,outbid,0,0,0,0,0.0,,,,
SIMB,B,37275703100600,2400,emptied,2300,100,100,0,0.0,299.16,299.165,-0.5,-6.5
SIMB,S,37281456751066,800,swept,600,200,200,0,0.0,299.12,299.115,-1.0,9.5
SIMB,B,37281456751066,300,outbid,0,200,0,-200,-85.7,,,,
SIMB,B,37286863306720,900,filled,1000,500,0,0,0.0,299.09,299.095,-0.5,1.0
SIMB,S,37286863306720,700,outbid,0,0,0,0,0.0,,,,
SIMB,B,37292792918640,100,outbid,0,0,0,0,0.0,,,,
SIMB,S,37292792918640,600,emptied,500,100,100,0,0.0,299.05,299.045,-0.5,-6.5
SIMB,S,37299480568368,100,filled,200,0,0,0,0.0,299.09,299.085,-2.5,0.5
SIMB,B,37299480568368,2100,outbid,100,0,0,0,0.0,,,,
SIMB,S,37305662483387,100,outbid,0,0,0,0,0.0,,,,
SIMB,B,37305662483387,300,outbid,0,0,0,0,0.0,,,,
SIMB,B,37312527955893,100,filled,200,0,0,0,0.0,299.07,299.075,1.5,14.0
SIMB,S,37312527955893,100,filled,200,0,0,0,0.0,299.08,299.075,-0.5,-13.0
SIMB,B,37317810390732,200,emptied,200,0,0,0,0.0,299.2,299.205,-0.5,-2.5
SIMB,S,37317810390732,1100,outbid,500,200,200,0,0.0,,,,
SIMB,B,37323966654774,1200,outbid,100,0,0,0,0.0,,,,
SIMB,S,37323966654774,900,outbid,700,0,0,0,0.0,,,,
SIMB,S,37329697989439,400,outbid,0,0,0,0,0.0,,,,
SIMB,B,37329697989439,1400,emptied,1100,300,300,0,0.0,299.12,299.125,-2.5,-4.5
SIMB,B,37336396505483,100,swept,100,0,0,0,0.0,299.09,299.1,-0.5,-0.5
SIMB,S,37336396505483,400,outbid,100,0,0,0,0.0,,,,
SIMB,S,37343403826948,100,emptied,100,0,0,0,0.0,299.09,299.085,-0.5,-0.0
SIMB,B,37343403826948,200,outbid,0,0,0,0,0.0,,,,
SIMB,S,37350338416708,100,outbid,0,0,0,0,0.0,,,,
SIMB,B,37350338416708,2700,outbid,500,500,500,0,35.3,,,,
SIMB,S,37356336242683,800,emptied,800,0,0,0,0.0,299.12,299.115,-0.0,3.5
SIMB,B,37356336242683,600,outbid,0,0,0,0,0.0,,,,
SIMB,B,37362778422492,200,alone,100,100,100,0,0.0,,,,
SIMB,S,37362778422492,900,outbid,0,0,0,0,0.0,,,,
SIMB,B,37369648441256,200,filled,300,0,0,0,0.0,299.09,299.095,-1.0,-0.5
SIMB,S,37369648441256,400,outbid,400,0,0,0,0.0,,,,
SIMB,S,37376223255727,300,emptied,300,0,0,0,0.0,299.1,299.095,0.5,2.0
SIMB,B,37376223255727,200,outbid,0,100,100,0,0.0,,,,
SIMB,S,37382459097610,200,emptied,200,0,0,0,0.0,299.07,299.065,-0.5,9.5
SIMB,B,37382459097610,3600,outbid,1300,500,500,0,40.7,,,,
SIMB,B,37388519722211,200,emptied,200,0,0,0,0.0,298.99,298.995,-1.0,-3.5
SIMB,S,37388519722211,100,swept,100,0,0,0,0.0,299.0,298.99,2.0,4.5
SIMB,B,37394646111000,400,emptied,400,0,0,0,0.0,298.97,298.975,0.0,-2.5
SIMB,S,37394646111000,1700,outbid,0,0,0,0,0.0,,,,
SIMB,B,37400618837206,100,emptied,100,0,0,0,0.0,298.96,298.965,0.5,-2.5
SIMB,S,37400618837206,1600,outbid,200,200,100,-100,-66.7,,,,
SIMB,S,37407052184219,1000,outbid,0,100,100,0,0.0,,,,
SIMB,B,37407052184219,1700,filled,1900,0,0,0,0.0,298.93,298.935,-0.5,5.5
SIMB,S,37413066359887,500,emptied,400,100,100,0,0.0,298.95,298.945,-0.5,-6.0
SIMB,B,37413066359887,400,outbid,200,0,0,0,0.0,,,,
SIMB,S,37419065589621,100,emptied,100,0,0,0,0.0,298.99,298.985,-0.5,0.5
SIMB,B,37419065589621,100,outbid,0,0,0,0,0.0,,,,
SIMB,B,37424987397400,600,outbid,0,200,200,0,0.0,,,,
SIMB,S,37424987397400,700,outbid,400,0,0,0,0.0,,,,
SIMB,S,37431292633502,100,swept,100,0,0,0,0.0,298.95,298.945,-1.0,-1.5
SIMB,B,37431292633502,1300,outbid,400,0,0,0,0.0,,,,
SIMB,B,37437324352169,800,outbid,0,100,100,0,0.0,,,,
SIMB,S,37437324352169,900,outbid,400,500,300,-200,-5.1,,,,
SIMB,B,37443414836055,200,outbid,0,0,0,0,0.0,,,,
SIMB,S,37443414836055,600,emptied,600,0,0,0,0.0,299.0,298.99,-0.0,-5.5
SIMB,B,37449738839210,100,filled,200,0,0,0,0.0,299.06,299.065,0.5,-2.0
SIMB,S,37449738839210,300,filled,400,0,0,0,0.0,299.07,299.065,-0.0,3.5
SIMB,S,37456555545838,1100,outbid,0,0,0,0,0.0,,,,
SIMB,B,37456555545838,1900,filled,1500,600,500,0,0.0,299.04,299.05,-0.5,1.0
SIMB,S,37462814931210,200,emptied,200,0,0,0,0.0,299.03,299.025,0.5,-5.0
SIMB,B,37462814931210,1900,outbid,0,0,0,0,0.0,,,,
SIMB,S,37469057086028,300,swept,300,0,0,0,0.0,299.06,299.05,-0.5,-3.5
SIMB,B,37469057086028,400,emptied,400,0,0,0,0.0,299.04,299.055,3.0,6.0
SIMB,B,37475692516057,200,filled,300,0,0,0,0.0,299.09,299.095,0.5,7.5
SIMB,S,37475692516057,1900,filled,1800,700,200,0,0.0,299.1,299.095,-0.0,-6.5
SIMB,S,37481666840511,500,emptied,500,0,0,0,0.0,299.14,299.13,-0.5,-2.5
SIMB,B,37481666840511,200,outbid,100,0,0,0,0.0,,,,
SIMB,S,37487978853613,400,emptied,400,0,0,0,0.0,299.16,299.155,-0.5,-4.5
SIMB,B,37487978853613,600,outbid,0,100,100,0,0.0,,,,
SIMB,S,37493919945010,100,filled,200,0,0,0,0.0,299.19,299.185,-0.5,-2.5
SIMB,B,37493919945010,500,filled,600,0,0,0,0.0,299.18,299.185,1.5,3.5
SIMB,B,37500257863431,100,outbid,0,0,0,0,0.0,,,,
SIMB,S,37500257863431,700,filled,500,300,300,0,75.0,299.22,299.215,-0.5,3.5
SIMB,B,37506934214948,1700,filled,1200,800,600,0,0.0,299.18,299.185,-0.5,2.5
SIMB,S,37506934214948,500,outbid,100,200,100,-100,-33.3,,,,
SIMB,S,37513901227047,400,emptied,400,0,0,0,0.0,299.19,299.185,-0.0,-5.0
SIMB,B,37513901227047,100,emptied,100,0,0,0,0.0,299.18,299.19,3.5,6.0
SIMB,B,37520912179128,400,outbid,100,0,0,0,0.0,,,,
SIMB,S,37520912179128,2900,emptied,2100,800,800,0,0.0,299.24,299.235,-0.5,-1.0
SIMB,S,37527606915791,200,filled,300,0,0,0,0.0,299.25,299.245,-0.5,-3.0
SIMB,B,37527606915791,200,outbid,200,100,0,0,0.0,,,,
SIMB,S,37533783901032,200,emptied,200,0,0,0,0.0,299.26,299.255,-1.0,-1.5
SIMB,B,37533783901032,200,outbid,100,100,0,-100,-50.0,,,,
SIMB,B,37540299067840,1600,outbid,0,200,200,0,0.0,,,,
SIMB,S,37540299067840,300,emptied,300,0,0,0,0.0,299.27,299.265,-0.5,-6.0
SIMB,S,37547007296202,600,swept,600,0,0,0,0.0,299.28,299.27,-0.0,-7.5
SIMB,B,37547007296202,900,outbid,300,0,0,0,0.0,,,,
SIMB,S,37552937627212,100,filled,100,100,100,0,83.3,299.37,299.355,2.5,-1.5
SIMB,B,37552937627212,100,emptied,100,0,0,0,0.0,299.35,299.36,-0.5,3.5
SIMB,S,37559154103230,1100,outbid,0,0,0,0,0.0,,,,
SIMB,B,37559154103230,300,filled,400,0,0,0,0.0,299.36,299.365,-0.5,0.0
SIMB,S,37565451004537,100,filled,200,0,0,0,0.0,299.37,299.365,-0.0,1.5
SIMB,B,37565451004537,300,outbid,100,200,0,-200,-100.0,,,,
SIMB,B,37571689124378,1300,swept,1300,0,0,0,0.0,299.36,299.365,-1.5,4.5
SIMB,S,37571689124378,600,outbid,100,0,0,0,0.0,,,,
SIMB,B,37577534413106,100,filled,300,0,0,0,0.0,299.37,299.375,1.5,8.5
SIMB,S,37577534413106,1400,emptied,1400,0,0,0,0.0,299.38,299.375,-1.0,-7.5
SIMB,S,37583643222689,1500,swept,1500,0,0,0,0.0,299.43,299.415,-0.0,4.5
SIMB,B,37583643222689,800,outbid,0,200,200,0,0.0,,,,
SIMB,S,37589974331225,300,emptied,300,0,0,0,0.0,299.45,299.445,2.5,5.5
SIMB,B,37589974331225,300,swept,300,0,0,0,0.0,299.44,299.45,-1.5,-4.5
SIMB,S,37596606109602,600,outbid,300,0,0,0,0.0,,,,
SIMB,B,37596606109602,900,outbid,600,100,100,0,28.6,,,,
SIMB,S,37603038469465,200,filled,300,0,0,0,0.0,299.4,299.395,0.5,-4.5
SIMB,B,37603038469465,1300,filled,1100,300,300,0,50.0,299.39,299.405,-0.5,6.5
SIMB,S,37609362421464,300,emptied,300,0,0,0,0.0,299.36,299.355,-2.5,-7.5
SIMB,B,37609362421464,800,outbid,100,0,0,0,0.0,,,,
SIMB,B,37615763833308,200,outbid,0,0,0,0,0.0,,,,
SIMB,S,37615763833308,100,filled,200,0,0,0,0.0,299.47,299.465,0.5,10.5
SIMB,B,37622218071024,700,filled,800,0,0,0,0.0,299.39,299.395,-1.5,3.0
SIMB,S,37622218071024,300,outbid,100,100,100,0,50.0,,,,
SIMB,B,37628731899792,700,outbid,200,100,100,0,0.0,,,,
SIMB,S,37628731899792,1000,swept,1000,0,0,0,0.0,299.38,299.37,-2.5,-2.0
SIMB,S,37635587930267,300,emptied,100,200,200,0,0.0,299.4,299.395,0.5,-0.0
SIMB,B,37635587930267,300,outbid,0,100,100,0,0.0,,,,
SIMB,S,37642891439525,300,emptied,300,0,0,0,0.0,299.38,299.375,-1.5,-4.5
SIMB,B,37642891439525,500,outbid,100,100,0,-100,-62.5,,,,
SIMB,B,37654891646177,300,emptied,200,100,100,0,0.0,299.42,299.425,-2.5,-9.5
SIMB,S,37654891646177,400,outbid,100,0,0,0,0.0,,,,
SIMB,S,37660995507352,200,outbid,100,0,0,0,0.0,,,,
SIMB,B,37660995507352,500,swept,500,0,0,0,0.0,299.36,299.365,-1.5,-6.5
SIMB,B,37667570260229,1700,filled,1600,300,200,0,0.0,299.3,299.305,0.0,1.5
SIMB,S,37667570260229,700,outbid,500,400,100,-100,-2.8,,,,
SIMB,S,37674460551218,100,swept,100,0,0,0,0.0,299.3,299.29,-0.0,-4.0
SIMB,B,37674460551218,400,outbid,0,0,0,0,0.0,,,,
SIMB,B,37680501444836,300,alone,0,300,300,0,0.0,,,,
SIMB,S,37680501444836,1000,filled,1100,0,0,0,0.0,299.34,299.33,-0.5,-2.0
SIMB,B,37686838578123,100,emptied,100,0,0,0,0.0,299.34,299.345,1.0,4.0
SIMB,S,37686838578123,800,filled,800,100,100,0,50.0,299.35,299.345,0.5,-3.0
SIMB,B,37692629957698,100,outbid,0,0,0,0,0.0,,,,
SIMB,S,37692629957698,500,swept,500,0,0,0,0.0,299.4,299.395,1.0,6.5
SIMB,B,37698534061144,200,emptied,200,0,0,0,0.0,299.39,299.395,-1.5,-11.5
SIMB,S,37698534061144,1200,outbid,0,200,200,0,38.5,,,,
SIMB,S,37704232479463,200,outbid,0,0,0,0,0.0,,,,
SIMB,B,37704232479463,1100,emptied,1000,100,100,0,0.0,299.28,299.295,-1.5,-0.5
SIMB,S,37710959155958,800,outbid,200,300,200,-100,-33.3,,,,
SIMB,B,37710959155958,400,filled,400,100,100,0,20.0,299.28,299.285,-1.5,-1.5
SIMB,S,37717615418690,100,outbid,0,0,0,0,0.0,,,,
SIMB,B,37717615418690,700,outbid,300,400,300,-100,8.6,,,,
SIMB,S,37724302825652,400,emptied,400,0,0,0,0.0,299.26,299.255,-3.0,-1.5
SIMB,B,37724302825652,1800,outbid,0,100,0,-100,-90.0,,,,
SIMB,B,37730448333423,100,swept,100,0,0,0,0.0,299.28,299.285,0.5,2.5
SIMB,S,37730448333423,100,emptied,100,0,0,0,0.0,299.29,299.28,0.5,-1.5
SIMB,S,37736922573990,1100,swept,1100,0,0,0,0.0,299.3,299.295,-0.0,-11.5
SIMB,B,37736922573990,200,outbid,100,0,0,0,0.0,,,,
SIMB,B,37743020777468,100,emptied,100,0,0,0,0.0,299.39,299.395,-0.5,1.0
SIMB,S,37743020777468,400,swept,400,0,0,0,0.0,299.4,299.39,1.0,-0.0
SIMB,B,37750014505266,100,emptied,100,0,0,0,0.0,299.4,299.405,0.5,1.0
SIMB,S,37750014505266,400,emptied,400,0,0,0,0.0,299.41,299.4,1.0,1.5
SIMB,B,37755547788464,1600,outbid,100,0,0,0,0.0,,,,
SIMB,S,37755547788464,400,outbid,100,100,100,0,57.1,,,,
SIMB,B,37762159398454,200,filled,300,0,0,0,0.0,299.41,299.415,1.0,-3.5
SIMB,S,37762159398454,900,filled,600,600,400,0,101.5,299.42,299.415,0.5,4.0
SIMB,B,37768534966417,100,filled,100,100,100,0,50.0,299.4,299.405,-0.5,-5.0
SIMB,S,37768534966417,800,outbid,300,200,200,0,54.2,,,,
SIMB,B,37774561617567,500,filled,600,100,100,0,0.0,299.36,299.365,1.0,-0.5
SIMB,S,37774561617567,400,outbid,0,0,0,0,0.0,,,,
SIMB,S,37780773479540,200,emptied,200,0,0,0,0.0,299.36,299.355,-0.0,2.5
SIMB,B,37780773479540,500,outbid,100,100,100,0,0.0,,,,
SIMB,S,37787112702277,1300,outbid,0,300,300,0,0.0,,,,
SIMB,B,37787112702277,3400,filled,2000,1600,1500,0,65.6,299.34,299.345,-0.5,-5.0
SIMB,B,37793854307571,100,outbid,0,0,0,0,0.0,,,,
SIMB,S,37793854307571,300,outbid,0,0,0,0,0.0,,,,
SIMB,S,37800535074191,200,outbid,0,0,0,0,0.0,,,,
SIMB,B,37800535074191,800,filled,900,0,0,0,0.0,299.23,299.24,-0.5,1.5
SIMB,S,37806579028318,300,filled,200,200,200,0,66.7,299.19,299.185,-0.5,-3.5
SIMB,B,37806579028318,500,swept,300,200,200,0,0.0,299.18,299.185,1.5,4.5
SIMB,B,37812124702872,100,emptied,100,0,0,0,0.0,299.23,299.235,-1.0,2.0
SIMB,S,37812124702872,400,outbid,0,0,0,0,0.0,,,,
SIMB,B,37818558544108,400,emptied,400,0,0,0,0.0,299.24,299.245,-0.5,2.0
SIMB,S,37818558544108,800,outbid,0,100,100,0,27.3,,,,
SIMB,B,37825116037570,200,emptied,200,0,0,0,0.0,299.25,299.255,-1.0,0.5
SIMB,S,37825116037570,1900,outbid,0,100,100,0,24.0,,,,
SIMB,B,37832088599299,200,emptied,200,0,0,0,0.0,299.27,299.275,1.5,0.0
SIMB,S,37832088599299,400,filled,500,0,0,0,0.0,299.28,299.275,-0.5,1.0
SIMB,B,37838190458015,400,outbid,0,0,0,0,0.0,,,,
SIMB,S,37838190458015,1000,filled,1000,100,100,0,81.8,299.29,299.285,1.0,8.5
SIMB,B,37844416507565,100,swept,100,0,0,0,0.0,299.23,299.24,-0.5,-3.5
SIMB,S,37844416507565,200,outbid,0,0,0,0,0.0,,,,
SIMB,S,37849977352387,200,filled,300,0,0,0,0.0,299.2,299.195,-0.0,-1.0
SIMB,B,37849977352387,1600,filled,1700,0,0,0,0.0,299.19,299.195,-0.5,1.5
SIMB,B,37856654754627,400,filled,300,300,200,0,17.3,299.19,299.195,0.5,-1.5
SIMB,S,37856654754627,500,outbid,300,0,0,0,0.0,,,,
SIMB,B,37863036580996,200,filled,300,100,0,0,0.0,299.22,299.225,-1.5,-4.0
SIMB,S,37863036580996,2000,outbid,1100,200,200,0,0.0,,,,
SIMB,S,37868273240635,300,alone,300,200,0,0,0.0,,,,
SIMB,B,37868273240635,3900,outbid,200,900,300,-600,-496.9,,,,
SIMB,B,37873957513542,1100,outbid,100,0,0,0,0.0,,,,
SIMB,S,37873957513542,700,emptied,500,200,200,0,0.0,299.2,299.19,-1.5,-5.0
SIMB,B,37879923934923,100,filled,200,0,0,0,0.0,299.26,299.265,0.5,1.0
SIMB,S,37879923934923,600,outbid,0,0,0,0,0.0,,,,
SIMB,S,37886348546709,400,emptied,400,0,0,0,0.0,299.26,299.25,0.5,-5.0
SIMB,B,37886348546709,700,outbid,0,600,600,0,75.0,,,,
SIMB,B,37892816649942,100,swept,100,0,0,0,0.0,299.29,299.295,0.0,3.5
SIMB,S,37892816649942,800,filled,900,0,0,0,0.0,299.3,299.29,-0.5,-2.0
SIMB,B,37899100498294,200,filled,300,0,0,0,0.0,299.32,299.325,1.5,-3.0
SIMB,S,37899100498294,200,outbid,0,0,0,0,0.0,,,,
SIMB,B,37905082283211,100,alone,0,100,100,0,0.0,,,,
SIMB,S,37905082283211,300,outbid,200,0,0,0,0.0,,,,
SIMB,B,37910915714182,600,filled,700,0,0,0,0.0,299.3,299.305,-1.5,-4.5
SIMB,S,37910915714182,400,outbid,100,200,0,-200,-77.8,,,,
SIMB,B,37917566439276,200,filled,400,0,0,0,0.0,299.29,299.295,-1.0,-2.0
SIMB,S,37917566439276,600,outbid,0,0,0,0,0.0,,,,
SIMB,S,37923914505739,300,filled,400,0,0,0,0.0,299.26,299.255,-0.0,-3.5
SIMB,B,37923914505739,400,filled,500,0,0,0,0.0,299.25,299.255,1.0,4.5
SIMB,S,37930425941626,500,outbid,0,0,0,0,0.0,,,,
SIMB,B,37930425941626,300,outbid,100,200,0,-200,-44.4,,,,
SIMB,B,37936033517228,200,filled,300,0,0,0,0.0,299.3,299.305,1.5,10.5
SIMB,S,37936033517228,2100,filled,2000,200,200,0,0.0,299.31,299.305,-0.5,-9.0
SIMB,B,37954210180345,900,emptied,900,0,0,0,0.0,299.25,299.255,-0.5,-3.5
SIMB,S,37954210180345,300,outbid,100,0,0,0,0.0,,,,
SIMB,B,37960195640621,700,emptied,700,0,0,0,0.0,299.22,299.24,-2.0,-1.5
SIMB,S,37960195640621,100,swept,100,0,0,0,0.0,299.26,299.235,7.0,6.0
SIMB,S,37972339130614,600,outbid,200,100,100,0,0.0,,,,
SIMB,B,37972339130614,1000,emptied,1000,0,0,0,0.0,299.18,299.195,-1.5,-6.0
SIMB,S,37979026195085,100,alone,0,100,100,0,0.0,,,,
SIMB,B,37979026195085,400,swept,400,0,0,0,0.0,299.14,299.155,-0.5,-6.5
SIMB,S,37985819329527,900,outbid,0,0,0,0,0.0,,,,
SIMB,B,37985819329527,2300,filled,2000,400,400,0,0.0,299.09,299.095,-0.5,-7.5
SIMB,B,37992600846486,500,emptied,500,0,0,0,0.0,299.07,299.075,-1.0,-6.5
SIMB,S,37992600846486,500,outbid,200,0,0,0,0.0,,,,
SIMB,S,37998946191595,1000,outbid,100,0,0,0,0.0,,,,
SIMB,B,37998946191595,800,swept,800,0,0,0,0.0,298.99,299.0,-0.5,3.5
SIMB,S,38005265076838,100,emptied,100,0,0,0,0.0,299.01,299.005,-0.0,-6.5
SIMB,B,38005265076838,1200,outbid,100,0,0,0,0.0,,,,
SIMB,S,38011457059110,100,swept,100,0,0,0,0.0,299.05,299.035,-1.0,-3.5
SIMB,B,38011457059110,500,swept,500,0,0,0,0.0,299.02,299.04,4.0,6.5
SIMB,B,38017744711144,100,outbid,0,0,0,0,0.0,,,,
SIMB,S,38017744711144,1300,outbid,0,0,0,0,0.0,,,,
SIMB,B,38023693055400,600,outbid,0,0,0,0,0.0,,,,
SIMB,S,38023693055400,1300,emptied,1300,0,0,0,0.0,299.09,299.085,-0.0,-8.5
SIMB,S,38029564400779,100,swept,100,0,0,0,0.0,299.12,299.115,-1.0,-5.5
SIMB,B,38029564400779,600,outbid,0,200,200,0,0.0,,,,
SIMB,B,38035871125533,300,outbid,0,0,0,0,0.0,,,,
SIMB,S,38035871125533,1500,outbid,0,0,0,0,0.0,,,,
SIMB,B,38041591436545,400,emptied,400,0,0,0,0.0,299.21,299.215,-1.0,-9.5
SIMB,S,38041591436545,2400,outbid,200,100,0,-100,-85.7,,,,
SIMB,S,38047291400761,200,filled,300,200,0,0,0.0,299.14,299.135,0.5,-1.5
SIMB,B,38047291400761,1500,filled,1300,600,300,0,0.0,299.13,299.135,0.0,3.5
SIMB,S,38053407723550,500,emptied,500,0,0,0,0.0,299.11,299.105,-1.0,-8.5
SIMB,B,38053407723550,2300,outbid,0,100,100,0,0.0,,,,
SIMB,B,38059434673583,200,outbid,0,0,0,0,0.0,,,,
SIMB,S,38059434673583,1400,filled,1400,200,100,0,0.0,299.19,299.185,-0.5,-3.0
SIMB,B,38066266160377,300,swept,300,0,0,0,0.0,299.19,299.195,0.0,0.5
SIMB,S,38066266160377,500,outbid,200,100,0,-100,-62.5,,,,
SIMB,B,38072287227308,100,emptied,100,0,0,0,0.0,299.22,299.225,-0.5,-8.0
SIMB,S,38072287227308,1200,outbid,0,0,0,0,0.0,,,,
SIMB,B,38078801945379,1400,filled,1500,0,0,0,0.0,299.18,299.185,-0.5,-5.5
SIMB,S,38078801945379,200,outbid,100,200,100,0,0.0,,,,
SIMB,B,38084474009815,200,swept,200,0,0,0,0.0,299.11,299.115,0.0,4.5
SIMB,S,38084474009815,400,outbid,0,0,0,0,0.0,,,,
SIMB,S,38091490905229,500,emptied,400,100,100,0,0.0,299.13,299.125,-0.0,-4.5
SIMB,B,38091490905229,400,outbid,0,300,100,-200,-27.8,,,,
SIMB,S,38097614734126,100,emptied,100,0,0,0,0.0,299.17,299.165,-0.5,-1.5
SIMB,B,38097614734126,400,filled,300,500,200,0,0.0,299.16,299.175,0.0,2.5
SIMB,B,38103360402292,1100,outbid,0,0,0,0,0.0,,,,
SIMB,S,38103360402292,1500,outbid,300,400,300,-100,-81.8,,,,
SIMB,B,38109812430075,100,filled,200,0,0,0,0.0,299.2,299.205,0.5,0.0
SIMB,S,38109812430075,2300,filled,2100,700,300,0,0.0,299.21,299.205,-0.5,0.5
SIMB,S,38116313377790,400,emptied,400,0,0,0,0.0,299.21,299.205,-0.5,-0.0
SIMB,B,38116313377790,800,outbid,600,100,0,-100,-80.0,,,,
SIMB,B,38122251537928,2500,outbid,100,0,0,0,0.0,,,,
SIMB,S,38122251537928,200,outbid,0,0,0,0,0.0,,,,
SIMB,B,38128352176811,200,swept,200,0,0,0,0.0,299.23,299.235,1.0,-6.0
SIMB,S,38128352176811,200,emptied,200,0,0,0,0.0,299.24,299.235,-0.5,6.0
SIMB,S,38134889919809,600,outbid,0,0,0,0,0.0,,,,
SIMB,B,38134889919809,500,swept,500,0,0,0,0.0,299.2,299.215,-1.0,-6.0
SIMB,B,38141045483818,200,emptied,200,0,0,0,0.0,299.16,299.165,-0.5,0.5
SIMB,S,38141045483818,200,outbid,200,0,0,0,0.0,,,,
SIMB,S,38147877398754,300,emptied,300,0,0,0,0.0,299.14,299.135,-1.5,-2.5
SIMB,B,38147877398754,1000,outbid,200,300,100,-200,-84.6,,,,
SIMB,B,38153581668165,100,emptied,100,0,0,0,0.0,299.16,299.165,0.5,1.5
SIMB,S,38153581668165,200,filled,300,100,0,0,0.0,299.17,299.165,1.5,-0.5
SIMB,S,38159629041892,300,emptied,300,0,0,0,0.0,299.17,299.165,-0.0,-1.5
SIMB,B,38159629041892,700,outbid,0,100,100,0,12.5,,,,
SIMB,B,38165835584442,400,outbid,0,0,0,0,0.0,,,,
SIMB,S,38165835584442,1000,filled,1100,200,100,0,0.0,299.18,299.175,1.0,3.0
SIMB,B,38171585998788,500,filled,700,0,0,0,0.0,299.17,299.175,0.5,1.5
SIMB,S,38171585998788,500,filled,200,500,400,0,0.0,299.18,299.17,1.0,-5.5
SIMB,B,38177897685245,200,outbid,0,0,0,0,0.0,,,,
SIMB,S,38177897685245,500,swept,400,100,100,0,0.0,299.18,299.165,-0.5,-3.5
SIMB,S,38183865378874,100,emptied,100,0,0,0,0.0,299.23,299.21,2.5,-0.5
SIMB,B,38183865378874,200,outbid,0,0,0,0,0.0,,,,
SIMB,B,38189830535578,100,filled,200,0,0,0,0.0,299.22,299.225,0.5,-0.5
SIMB,S,38189830535578,1300,filled,1400,200,100,0,0.0,299.23,299.225,-0.0,0.5
SIMB,B,38196253955407,1000,outbid,0,0,0,0,0.0,,,,
SIMB,S,38196253955407,1000,filled,1000,100,100,0,88.9,299.24,299.235,0.5,2.0
SIMB,B,38202369835127,400,outbid,0,0,0,0,0.0,,,,
SIMB,S,38202369835127,3300,outbid,1900,700,600,-100,21.9,,,,
SIMB,S,38208377276048,100,outbid,0,0,0,0,0.0,,,,
SIMB,B,38208377276048,300,outbid,0,100,100,0,0.0,,,,
SIMB,S,38214954905548,300,emptied,300,0,0,0,0.0,299.19,299.185,0.5,0.5
SIMB,B,38214954905548,3400,outbid,700,200,0,-200,-161.3,,,,
SIMB,B,38221383798311,100,emptied,100,0,0,0,0.0,299.22,299.225,0.0,-4.5
SIMB,S,38221383798311,1300,outbid,200,0,0,0,0.0,,,,
SIMB,S,38228080583035,500,emptied,400,200,100,0,0.0,299.18,299.175,1.5,3.0
SIMB,B,38228080583035,2300,emptied,2100,200,200,0,0.0,299.17,299.175,0.0,-2.0
SIMB,B,38234661973716,2200,filled,1600,700,700,0,8.3,299.15,299.155,0.0,-6.0
SIMB,S,38234661973716,400,filled,500,500,0,0,0.0,299.16,299.155,2.5,7.5
SIMB,S,38240720645159,200,filled,300,0,0,0,0.0,299.12,299.115,1.5,5.5
SIMB,B,38240720645159,100,swept,100,0,0,0,0.0,299.11,299.12,-0.5,-4.5
SIMB,B,38246677834201,100,emptied,100,0,0,0,0.0,299.09,299.095,-0.5,-2.5
SIMB,S,38246677834201,800,outbid,100,0,0,0,0.0,,,,
SIMB,S,38252782801907,300,filled,400,100,0,0,0.0,299.06,299.055,-0.5,-4.0
SIMB,B,38252782801907,1900,outbid,600,400,300,-100,-62.7,,,,
SIMB,B,38258889353830,200,filled,300,0,0,0,0.0,299.11,299.115,0.0,2.5
SIMB,S,38258889353830,1500,outbid,1100,700,100,-300,-229.2,,,,
SIMB,B,38265245415090,100,emptied,100,0,0,0,0.0,299.11,299.115,1.5,-3.5
SIMB,S,38265245415090,600,outbid,300,0,0,0,0.0,,,,
SIMB,B,38270467642937,200,swept,200,0,0,0,0.0,299.13,299.135,-2.5,-9.0
SIMB,S,38270467642937,2400,outbid,100,300,100,-200,-183.3,,,,
SIMB,S,38276929922685,100,swept,100,0,0,0,0.0,299.05,299.045,0.5,-1.0
SIMB,B,38276929922685,1500,filled,1600,0,0,0,0.0,299.04,299.045,-0.5,2.5
SIMB,B,38283713531793,600,outbid,300,0,0,0,0.0,,,,
SIMB,S,38283713531793,1200,emptied,1200,0,0,0,0.0,299.06,299.055,-0.5,1.5
SIMB,B,38289819633105,400,emptied,400,0,0,0,0.0,299.06,299.07,1.5,1.5
SIMB,S,38289819633105,1800,outbid,500,700,200,-500,-231.4,,,,
SIMB,S,38296187289699,300,filled,300,200,100,0,0.0,299.04,299.035,-1.5,-6.5
SIMB,B,38296187289699,300,outbid,100,0,0,0,0.0,,,,
SIMB,B,38302265160740,100,filled,200,0,0,0,0.0,299.07,299.085,2.5,2.5
SIMB,S,38302265160740,2100,emptied,1900,200,200,0,0.0,299.1,299.09,0.5,0.5
SIMB,B,38308899184341,400,outbid,0,0,0,0,0.0,,,,
SIMB,S,38308899184341,2000,outbid,500,500,400,-100,-35.2,,,,
SIMB,B,38315582724775,100,emptied,100,0,0,0,0.0,299.09,299.095,-0.5,1.5
SIMB,S,38315582724775,600,outbid,300,100,100,0,25.0,,,,
SIMB,B,38322521448504,100,filled,100,100,100,0,75.0,299.1,299.105,1.0,-3.0
SIMB,S,38322521448504,800,filled,800,400,100,0,0.0,299.11,299.105,-0.0,3.5
SIMB,S,38328301663983,100,emptied,100,0,0,0,0.0,299.12,299.115,1.0,7.5
SIMB,B,38328301663983,100,outbid,0,0,0,0,0.0,,,,
SIMB,B,38334919231283,700,swept,600,100,100,0,0.0,299.06,299.065,-0.5,-7.0
SIMB,S,38334919231283,100,outbid,100,0,0,0,0.0,,,,
SIMB,S,38341060581513,600,outbid,0,0,0,0,0.0,,,,
SIMB,B,38341060581513,1300,outbid,1100,0,0,0,0.0,,,,
SIMB,S,38347365259040,400,outbid,300,0,0,0,0.0,,,,
SIMB,B,38347365259040,400,filled,400,100,100,0,66.7,299.0,299.005,1.5,5.5
SIMB,S,38353769225537,700,filled,900,100,0,0,0.0,299.02,299.015,-1.5,-3.5
SIMB,B,38353769225537,2700,outbid,800,900,700,-200,86.5,,,,
SIMB,S,38360783950804,200,swept,200,0,0,0,0.0,299.05,299.045,0.5,3.0
SIMB,B,38360783950804,1100,filled,1200,0,0,0,0.0,299.04,299.045,0.5,-3.0
SIMB,S,38366859791779,900,filled,700,500,400,0,57.1,299.04,299.035,-0.0,5.5
SIMB,B,38366859791779,1200,outbid,300,0,0,0,0.0,,,,
SIMB,S,38373049025628,400,outbid,0,0,0,0,0.0,,,,
SIMB,B,38373049025628,1200,filled,1300,100,0,0,0.0,299.0,299.005,0.5,-8.5
SIMB,S,38378884297150,100,emptied,100,0,0,0,0.0,298.98,298.97,2.5,5.5
SIMB,B,38378884297150,400,emptied,400,0,0,0,0.0,298.96,298.98,-0.5,-2.5
SIMB,S,38384882783597,900,outbid,0,0,0,0,0.0,,,,
SIMB,B,38384882783597,100,swept,100,0,0,0,0.0,298.91,298.915,-0.5,4.5
SIMB,B,38390301313856,200,swept,200,0,0,0,0.0,298.93,298.935,0.0,0.5
SIMB,S,38390301313856,300,outbid,200,100,100,0,25.0,,,,
SIMB,S,38397000092047,200,outbid,0,100,100,0,50.0,,,,
SIMB,B,38397000092047,600,outbid,0,400,400,0,0.0,,,,
SIMB,S,38403224448409,800,emptied,800,0,0,0,0.0,298.96,298.955,-0.5,3.0
SIMB,B,38403224448409,200,outbid,0,0,0,0,0.0,,,,
SIMB,S,38409953387267,600,filled,700,100,0,0,0.0,298.93,298.925,0.5,8.5
SIMB,B,38409953387267,2800,filled,2500,600,400,0,0.0,298.92,298.93,0.5,-7.0
SIMB,B,38416734413830,400,emptied,300,100,100,0,0.0,298.9,298.905,1.0,-2.5
SIMB,S,38416734413830,500,outbid,300,0,0,0,0.0,,,,
SIMB,S,38422583065520,200,emptied,200,0,0,0,0.0,298.85,298.845,-1.5,-8.5
SIMB,B,38422583065520,1700,outbid,400,0,0,0,0.0,,,,
SIMB,S,38428668420509,1000,emptied,1000,0,0,0,0.0,298.9,298.895,-0.5,-7.5
SIMB,B,38428668420509,100,filled,200,300,0,0,0.0,298.89,298.9,3.0,7.5
SIMB,S,38434455493390,100,swept,100,0,0,0,0.0,298.93,298.925,-0.5,-2.5
SIMB,B,38434455493390,1800,outbid,0,0,0,0,0.0,,,,
SIMB,S,38441212482089,100,emptied,100,0,0,0,0.0,298.96,298.955,0.5,-3.5
SIMB,B,38441212482089,800,outbid,0,0,0,0,0.0,,,,
SIMB,S,38447488850358,500,emptied,500,0,0,0,0.0,298.98,298.975,-0.0,-5.5
SIMB,B,38447488850358,900,outbid,0,0,0,0,0.0,,,,
SIMB,S,38454047010164,100,emptied,100,0,0,0,0.0,298.99,298.985,-2.5,-9.0
SIMB,B,38454047010164,600,outbid,100,0,0,0,0.0,,,,
SIMB,B,38460191486406,500,filled,600,0,0,0,0.0,299.04,299.045,0.0,10.0
SIMB,S,38460191486406,1100,filled,1100,100,100,0,66.7,299.05,299.04,-0.0,-9.5
SIMB,S,38465990977932,1000,emptied,1000,0,0,0,0.0,299.11,299.105,-1.5,-4.5
SIMB,B,38465990977932,100,outbid,100,0,0,0,0.0,,,,
SIMB,B,38472154734443,600,filled,700,300,0,0,0.0,299.14,299.145,-0.5,3.0
SIMB,S,38472154734443,400,outbid,300,100,0,-100,-20.0,,,,
SIMB,B,38478270947004,100,swept,100,0,0,0,0.0,299.15,299.155,0.5,8.0
SIMB,S,38478270947004,400,outbid,200,0,0,0,0.0,,,,
SIMB,S,38484025196833,500,emptied,500,0,0,0,0.0,299.21,299.19,-3.5,-11.5
SIMB,B,38484025196833,200,outbid,0,0,0,0,0.0,,,,
SIMB,S,38490397983413,400,emptied,300,100,100,0,0.0,299.24,299.235,-2.0,-7.5
SIMB,B,38490397983413,500,outbid,0,0,0,0,0.0,,,,
SIMB,S,38496377624016,700,outbid,200,0,0,0,0.0,,,,
SIMB,B,38496377624016,700,swept,700,0,0,0,0.0,299.32,299.325,-1.0,-0.5
SIMB,B,38502674180471,100,filled,200,0,0,0,0.0,299.32,299.325,0.5,-3.5
SIMB,S,38502674180471,2100,filled,1700,1300,600,0,0.0,299.33,299.325,1.5,6.5
SIMB,S,38509199532935,100,filled,200,0,0,0,0.0,299.31,299.295,2.0,1.5
SIMB,B,38509199532935,1600,filled,900,800,800,0,119.6,299.28,299.285,0.5,1.0
SIMB,B,38516534897139,600,outbid,200,0,0,0,0.0,,,,
SIMB,S,38516534897139,100,swept,100,300,0,0,0.0,299.26,299.255,-0.5,-3.5
SIMB,S,38522668624934,100,emptied,100,0,0,0,0.0,299.29,299.285,1.5,-6.0
SIMB,B,38522668624934,800,outbid,0,100,100,0,0.0,,,,
SIMB,B,38528751155495,100,outbid,100,0,0,0,0.0,,,,
SIMB,S,38528751155495,1300,swept,1300,0,0,0,0.0,299.32,299.305,-1.5,-5.5
SIMB,B,38534365753552,500,outbid,0,0,0,0,0.0,,,,
SIMB,S,38534365753552,300,filled,400,0,0,0,0.0,299.36,299.355,0.5,-3.0
SIMB,S,38541165431516,600,swept,600,0,0,0,0.0,299.39,299.385,-0.0,-1.5
SIMB,B,38541165431516,300,outbid,0,0,0,0,0.0,,,,
SIMB,B,38547308050629,1600,outbid,0,0,0,0,0.0,,,,
SIMB,S,38547308050629,100,filled,200,0,0,0,0.0,299.39,299.385,-0.0,-1.0
SIMB,S,38554072974042,300,swept,300,0,0,0,0.0,299.41,299.405,-0.0,-1.0
SIMB,B,38554072974042,200,outbid,100,0,0,0,0.0,,,,
SIMB,S,38560187782668,2000,outbid,0,400,300,-100,-84.5,,,,
SIMB,B,38560187782668,800,outbid,500,100,100,0,0.0,,,,
SIMB,B,38566875567181,300,outbid,100,0,0,0,0.0,,,,
SIMB,S,38566875567181,3000,outbid,1800,500,400,-100,-28.5,,,,
SIMB,B,38573195066616,200,outbid,0,0,0,0,0.0,,,,
SIMB,S,38573195066616,1300,filled,1300,300,100,0,0.0,299.44,299.435,-0.0,-12.5
SIMB,B,38578895530991,100,outbid,0,0,0,0,0.0,,,,
SIMB,S,38578895530991,300,filled,400,0,0,0,0.0,299.57,299.56,0.5,0.5
SIMB,B,38585923766543,100,swept,100,0,0,0,0.0,299.55,299.565,1.0,2.0
SIMB,S,38585923766543,1900,outbid,0,0,0,0,0.0,,,,
SIMB,B,38592380598158,500,filled,500,100,100,0,0.0,299.57,299.575,0.0,-2.5
SIMB,S,38592380598158,1100,filled,1100,400,100,0,0.0,299.58,299.57,0.5,3.5
SIMB,B,38599364741644,3000,emptied,2800,200,200,0,0.0,299.55,299.555,-0.5,-0.5
SIMB,S,38599364741644,500,outbid,200,600,200,-100,42.9,,,,
SIMB,B,38605994040904,100,outbid,0,0,0,0,0.0,,,,
SIMB,S,38605994040904,600,emptied,600,0,0,0,0.0,299.58,299.575,-0.5,6.5
SIMB,B,38612012734750,1300,emptied,1300,0,0,0,0.0,299.54,299.545,-1.5,-10.5
SIMB,S,38612012734750,600,outbid,300,400,0,-300,-98.2,,,,
SIMB,S,38618609319319,200,outbid,0,0,0,0,0.0,,,,
SIMB,B,38618609319319,700,swept,700,0,0,0,0.0,299.5,299.51,0.0,-7.5
SIMB,S,38624484096931,200,emptied,200,0,0,0,0.0,299.44,299.435,1.5,1.5
SIMB,B,38624484096931,500,swept,500,0,0,0,0.0,299.43,299.44,-0.5,-0.5
SIMB,S,38630754621645,1400,outbid,400,400,400,0,0.0,,,,
SIMB,B,38630754621645,100,filled,200,0,0,0,0.0,299.42,299.425,1.0,3.5
SIMB,S,38637588598573,700,emptied,700,0,0,0,0.0,299.45,299.445,-0.5,-0.0
SIMB,B,38637588598573,300,filled,400,0,0,0,0.0,299.44,299.45,1.5,1.0
SIMB,S,38643620624907,100,filled,100,200,100,0,25.0,299.47,299.465,2.5,2.5
SIMB,B,38643620624907,500,filled,600,300,0,0,0.0,299.46,299.47,-1.0,-1.5
SIMB,S,38650186924450,100,alone,0,100,100,0,0.0,,,,
SIMB,B,38650186924450,200,outbid,0,0,0,0,0.0,,,,
SIMB,S,38656424514942,100,emptied,100,0,0,0,0.0,299.43,299.425,-0.0,-0.0
SIMB,B,38656424514942,1300,outbid,100,300,300,0,0.0,,,,
SIMB,B,38663565705354,1900,outbid,100,0,0,0,0.0,,,,
SIMB,S,38663565705354,300,emptied,300,0,0,0,0.0,299.43,299.42,-1.5,-1.5
SIMB,S,38669858165559,2300,filled,2200,300,200,0,0.0,299.46,299.455,0.5,-2.0
SIMB,B,38669858165559,1000,filled,1100,300,0,0,0.0,299.45,299.455,-0.5,4.5
SIMB,B,38675762087757,500,outbid,0,0,0,0,0.0,,,,
SIMB,S,38675762087757,1900,filled,1900,400,100,0,0.0,299.47,299.465,-0.5,-3.5
SIMB,S,38681503749094,600,emptied,600,0,0,0,0.0,299.49,299.48,-0.5,-2.5
SIMB,B,38681503749094,100,emptied,100,0,0,0,0.0,299.47,299.485,2.5,4.5
SIMB,S,38687752136773,1800,swept,1700,100,100,0,0.0,299.51,299.505,-0.5,-10.5
SIMB,B,38687752136773,500,outbid,300,300,200,0,80.0,,,,
SIMB,S,38693781736344,1200,emptied,1200,0,0,0,0.0,299.54,299.53,-0.5,-1.0
SIMB,B,38693781736344,100,outbid,0,0,0,0,0.0,,,,
SIMB,B,38699889996947,300,swept,300,0,0,0,0.0,299.6,299.61,-3.5,-3.5
SIMB,S,38699889996947,700,outbid,100,0,0,0,0.0,,,,
SIMB,S,38706217136178,400,emptied,400,0,0,0,0.0,299.55,299.545,-1.5,-2.5
SIMB,B,38706217136178,1800,outbid,100,600,600,0,113.6,,,,
SIMB,B,38712880373365,100,emptied,100,0,0,0,0.0,299.57,299.575,0.0,-3.5
SIMB,S,38712880373365,1500,outbid,300,300,300,0,60.0,,,,
SIMB,S,38719566630142,200,swept,200,100,0,0,0.0,299.58,299.575,1.0,14.0
SIMB,B,38719566630142,600,swept,600,300,0,0,0.0,299.57,299.58,-1.5,-13.5
SIMB,B,38725877321412,1000,swept,1000,0,0,0,0.0,299.5,299.52,3.0,-8.5
SIMB,S,38725877321412,300,swept,300,0,0,0,0.0,299.54,299.51,7.0,13.5
SIMB,S,38732300345220,1600,outbid,200,300,300,0,78.9,,,,
SIMB,B,38732300345220,300,swept,300,0,0,0,0.0,299.43,299.44,-0.5,-4.5
SIMB,B,38739037877740,700,filled,800,0,0,0,0.0,299.37,299.375,-0.5,1.5
SIMB,S,38739037877740,200,outbid,0,100,100,0,0.0,,,,
SIMB,B,38745441987297,800,outbid,0,0,0,0,0.0,,,,
SIMB,S,38745441987297,1100,outbid,400,300,300,0,0.0,,,,
SIMB,S,38752166244972,1100,outbid,0,0,0,0,0.0,,,,
SIMB,B,38752166244972,500,emptied,500,0,0,0,0.0,299.38,299.385,-0.5,0.5
SIMB,S,38758058284938,600,emptied,600,0,0,0,0.0,299.36,299.355,-0.5,-3.0
SIMB,B,38758058284938,1100,outbid,0,100,100,0,0.0,,,,
SIMB,B,38764690573471,100,filled,200,300,0,0,0.0,299.39,299.395,0.0,-3.5
SIMB,S,38764690573471,1400,outbid,1100,300,200,-100,-85.7,,,,
SIMB,S,38771256536881,400,emptied,400,0,0,0,0.0,299.38,299.375,0.5,-1.5
SIMB,B,38771256536881,1400,outbid,0,100,100,0,6.7,,,,
SIMB,S,38777642172266,1200,outbid,0,0,0,0,0.0,,,,
SIMB,B,38777642172266,100,swept,100,0,0,0,0.0,299.35,299.355,0.5,5.0
SIMB,B,38783859295475,400,outbid,100,0,0,0,0.0,,,,
SIMB,S,38783859295475,700,outbid,100,400,0,-400,-171.4,,,,
SIMB,B,38790490995714,200,filled,300,100,0,0,0.0,299.37,299.375,0.5,-2.5
SIMB,S,38790490995714,1700,outbid,1400,700,200,-100,-58.0,,,,
SIMB,B,38803642390145,700,emptied,700,0,0,0,0.0,299.3,299.305,-1.0,-7.5
SIMB,S,38803642390145,200,outbid,0,0,0,0,0.0,,,,
SIMB,S,38809361698225,400,emptied,400,0,0,0,0.0,299.25,299.245,-0.5,3.5
SIMB,B,38809361698225,200,outbid,0,0,0,0,0.0,,,,
SIMB,B,38815660179133,200,alone,0,200,200,0,0.0,,,,
SIMB,S,38815660179133,900,outbid,300,0,0,0,0.0,,,,
SIMB,B,38822086943722,200,emptied,200,0,0,0,0.0,299.17,299.185,-1.5,-7.0
SIMB,S,38822086943722,100,outbid,0,100,0,-100,-50.0,,,,
SIMB,B,38827813887672,100,filled,200,0,0,0,0.0,299.14,299.145,-1.0,-2.5
SIMB,S,38827813887672,300,outbid,0,100,100,0,25.0,,,,
SIMB,S,38833804560876,200,emptied,200,0,0,0,0.0,299.1,299.095,-0.5,-4.0
SIMB,B,38833804560876,100,outbid,0,0,0,0,0.0,,,,
SIMB,B,38840263448588,700,outbid,200,0,0,0,0.0,,,,
SIMB,S,38840263448588,300,filled,300,600,200,0,74.1,299.12,299.11,1.0,-7.5
SIMB,S,38846942117171,600,swept,600,0,0,0,0.0,299.15,299.145,-1.5,-3.0
SIMB,B,38846942117171,1200,outbid,100,100,100,0,14.3,,,,
SIMB,B,38852996140357,100,outbid,0,0,0,0,0.0,,,,
SIMB,S,38852996140357,1200,outbid,400,100,0,-100,-66.7,,,,
SIMB,S,38859292656819,1200,outbid,0,0,0,0,0.0,,,,
SIMB,B,38859292656819,500,filled,700,0,0,0,0.0,299.16,299.165,-0.5,0.0
SIMB,B,38865299875300,100,outbid,0,0,0,0,0.0,,,,
SIMB,S,38865299875300,400,filled,500,0,0,0,0.0,299.17,299.165,-0.5,1.0
SIMB,B,38871959519550,500,emptied,500,0,0,0,0.0,299.14,299.145,-0.5,13.0
SIMB,S,38871959519550,100,outbid,0,0,0,0,0.0,,,,
SIMB,S,38877650866738,300,emptied,300,0,0,0,0.0,299.2,299.19,-2.0,-2.0
SIMB,B,38877650866738,200,outbid,0,0,0,0,0.0,,,,
SIMB,B,38884454505173,400,emptied,400,0,0,0,0.0,299.26,299.27,-2.0,-4.5
SIMB,S,38884454505173,100,outbid,0,0,0,0,0.0,,,,
SIMB,S,38891142080621,200,swept,200,0,0,0,0.0,299.22,299.215,2.0,-2.5
SIMB,B,38891142080621,700,emptied,700,0,0,0,0.0,299.21,299.225,-2.0,5.0
SIMB,B,38897630131250,1200,outbid,0,0,0,0,0.0,,,,
SIMB,S,38897630131250,1600,swept,1500,100,100,0,0.0,299.24,299.235,-0.0,-11.5
SIMB,B,38903836320409,500,filled,500,100,100,0,33.3,299.28,299.285,0.5,14.5
SIMB,S,38903836320409,500,filled,700,0,0,0,0.0,299.29,299.285,-0.0,-14.0
SIMB,S,38910250916049,300,swept,300,0,0,0,0.0,299.38,299.37,-1.5,-8.5
SIMB,B,38910250916049,100,emptied,100,0,0,0,0.0,299.36,299.38,4.0,10.5
SIMB,S,38915375597272,600,emptied,600,0,0,0,0.0,299.44,299.43,-0.0,-9.5
SIMB,B,38915375597272,400,outbid,200,0,0,0,0.0,,,,
SIMB,B,38921681395171,700,filled,500,500,300,0,11.1,299.47,299.475,0.5,8.5
SIMB,S,38921681395171,1600,filled,1500,200,200,0,16.7,299.48,299.47,0.5,-7.5
SIMB,B,38927565823386,500,swept,500,0,0,0,0.0,299.52,299.525,0.5,4.0
SIMB,S,38927565823386,100,outbid,0,100,100,0,50.0,,,,
SIMB,S,38934070993677,1000,filled,900,700,200,0,0.0,299.56,299.555,-0.0,-3.5
SIMB,B,38934070993677,900,filled,800,500,200,0,0.0,299.55,299.555,1.5,4.5
SIMB,S,38940561197621,700,emptied,700,0,0,0,0.0,299.58,299.575,-0.0,-4.0
SIMB,B,38940561197621,100,filled,200,0,0,0,0.0,299.57,299.58,1.5,3.0
SIMB,S,38947227424981,500,emptied,500,0,0,0,0.0,299.6,299.595,-1.5,7.0
SIMB,B,38947227424981,400,filled,400,100,100,0,80.0,299.59,299.6,3.5,-6.5
SIMB,S,38954110609319,100,swept,100,0,0,0,0.0,299.58,299.575,1.5,6.5
SIMB,B,38954110609319,1100,emptied,1100,0,0,0,0.0,299.57,299.58,-0.5,-6.5
SIMB,B,38960376849579,100,emptied,100,0,0,0,0.0,299.52,299.525,0.0,-2.5
SIMB,S,38960376849579,200,outbid,0,100,0,-100,-66.7,,,,
SIMB,S,38966654088177,400,outbid,200,0,0,0,0.0,,,,
SIMB,B,38966654088177,2200,swept,1800,400,400,0,0.0,299.5,299.505,0.5,-2.5
SIMB,B,38972879172660,800,filled,900,100,0,0,0.0,299.48,299.485,0.5,-4.0
SIMB,S,38972879172660,800,outbid,300,300,100,-200,-96.5,,,,
SIMB,B,38979223908595,2400,filled,2300,300,200,0,19.8,299.45,299.455,0.0,-8.0
SIMB,S,38979223908595,600,filled,700,200,0,0,0.0,299.46,299.455,1.5,9.5
SIMB,S,38985187736055,300,outbid,0,0,0,0,0.0,,,,
SIMB,B,38985187736055,1200,emptied,1200,0,0,0,0.0,299.42,299.43,-0.5,-5.0
SIMB,S,38991696332956,500,outbid,100,0,0,0,0.0,,,,
SIMB,B,38991696332956,800,swept,800,0,0,0,0.0,299.36,299.365,-1.0,2.5
SIMB,S,39004837144842,200,swept,200,0,0,0,0.0,299.39,299.385,-0.5,0.5
SIMB,B,39004837144842,800,outbid,300,0,0,0,0.0,,,,
SIMB,B,39010750389121,600,emptied,600,0,0,0,0.0,299.37,299.375,0.0,0.0
SIMB,S,39010750389121,100,outbid,100,0,0,0,0.0,,,,
SIMB,S,39017438783523,200,alone,0,200,200,0,0.0,,,,
SIMB,B,39017438783523,500,emptied,500,0,0,0,0.0,299.38,299.395,-0.5,0.0
SIMB,S,39023879204334,600,swept,600,0,0,0,0.0,299.4,299.395,0.5,-3.0
SIMB,B,39023879204334,300,outbid,100,0,0,0,0.0,,,,
SIMB,B,39031728621494,200,swept,200,0,0,0,0.0,299.42,299.425,0.5,11.0
SIMB,S,39031728621494,300,emptied,300,0,0,0,0.0,299.43,299.415,0.5,-10.0
SIMB,S,39038071858509,1400,swept,1400,0,0,0,0.0,299.45,299.44,0.5,-9.5
SIMB,B,39038071858509,300,filled,300,100,100,0,66.7,299.43,299.445,3.0,11.5
SIMB,S,39043921143018,200,emptied,200,0,0,0,0.0,299.58,299.575,2.5,5.5
SIMB,B,39043921143018,100,emptied,100,0,0,0,0.0,299.57,299.58,-1.5,-5.5
SIMB,B,39050421681231,400,swept,400,0,0,0,0.0,299.54,299.545,-0.5,9.5
SIMB,S,39050421681231,400,filled,300,200,200,0,25.0,299.55,299.54,1.5,-8.5
SIMB,S,39056105602410,200,swept,200,0,0,0,0.0,299.55,299.525,1.5,-8.0
SIMB,B,39056105602410,1900,outbid,100,100,100,0,0.0,,,,
SIMB,B,39061358779546,200,outbid,200,0,0,0,0.0,,,,
SIMB,S,39061358779546,1200,swept,1200,0,0,0,0.0,299.64,299.635,-0.5,0.5
SIMB,B,39068267198323,100,outbid,0,0,0,0,0.0,,,,
SIMB,S,39068267198323,300,outbid,100,0,0,0,0.0,,,,
SIMB,B,39074296771191,200,filled,300,0,0,0,0.0,299.64,299.645,0.5,3.0
SIMB,S,39074296771191,1100,outbid,700,100,100,0,0.0,,,,
SIMB,B,39080805267471,1500,outbid,100,0,0,0,0.0,,,,
SIMB,S,39080805267471,100,filled,200,0,0,0,0.0,299.66,299.655,0.5,-1.5
SIMB,B,39087174516563,500,filled,600,100,0,0,0.0,299.68,299.685,0.5,-8.0
SIMB,S,39087174516563,1400,outbid,600,200,200,0,0.0,,,,
SIMB,B,39094072359045,800,swept,800,0,0,0,0.0,299.65,299.655,-1.5,-7.5
SIMB,S,39094072359045,300,outbid,0,0,0,0,0.0,,,,
SIMB,S,39101190033720,100,emptied,100,0,0,0,0.0,299.57,299.565,1.0,-0.5
SIMB,B,39101190033720,500,emptied,500,0,0,0,0.0,299.56,299.57,0.0,1.5
SIMB,B,39106654437705,200,swept,100,100,100,0,0.0,299.58,299.59,1.5,-3.5
SIMB,S,39106654437705,2600,outbid,400,0,0,0,0.0,,,,
SIMB,S,39112453057390,800,outbid,0,0,0,0,0.0,,,,
SIMB,B,39112453057390,1200,outbid,600,0,0,0,0.0,,,,
SIMB,B,39118416029173,400,emptied,400,0,0,0,0.0,299.52,299.53,0.5,1.0
SIMB,S,39118416029173,100,outbid,0,0,0,0,0.0,,,,
SIMB,S,39125029164807,600,outbid,100,100,0,-100,-85.7,,,,
SIMB,B,39125029164807,1100,filled,1200,0,0,0,0.0,299.55,299.555,-1.5,-6.5
SIMB,S,39131357565772,100,emptied,100,0,0,0,0.0,299.53,299.525,-0.0,-2.0
SIMB,B,39131357565772,1000,swept,1000,0,0,0,0.0,299.52,299.535,0.0,6.5
SIMB,B,39137722069932,200,swept,200,0,0,0,0.0,299.48,299.49,4.5,13.0
SIMB,S,39137722069932,600,outbid,0,0,0,0,0.0,,,,
SIMB,S,39143594051486,200,filled,400,0,0,0,0.0,299.57,299.565,-1.5,2.0
SIMB,B,39143594051486,400,outbid,0,0,0,0,0.0,,,,
SIMB,S,39149955060310,600,emptied,600,0,0,0,0.0,299.62,299.615,2.0,9.5
SIMB,B,39149955060310,200,swept,200,0,0,0,0.0,299.61,299.62,-1.0,-9.0
SIMB,S,39155576963934,200,swept,200,0,0,0,0.0,299.53,299.525,-1.0,3.5
SIMB,B,39155576963934,700,outbid,0,500,0,-500,-291.7,,,,
SIMB,B,39161473023366,1500,filled,1300,300,300,0,0.0,299.49,299.495,-0.5,0.0
SIMB,S,39161473023366,500,outbid,400,0,0,0,0.0,,,,
SIMB,B,39168250020665,1300,outbid,0,0,0,0,0.0,,,,
SIMB,S,39168250020665,200,swept,200,0,0,0,0.0,299.52,299.51,2.0,7.5
SIMB,S,39174352537083,200,outbid,0,0,0,0,0.0,,,,
SIMB,B,39174352537083,800,emptied,600,200,200,0,0.0,299.46,299.48,-1.5,-9.0
SIMB,S,39180089666274,200,filled,300,0,0,0,0.0,299.44,299.435,1.0,19.5
SIMB,B,39180089666274,1400,filled,1400,100,100,0,7.1,299.43,299.435,-0.5,-15.5
SIMB,S,39185888049056,100,emptied,100,0,0,0,0.0,299.35,299.325,10.0,9.5
SIMB,B,39185888049056,200,emptied,200,0,0,0,0.0,299.3,299.37,-5.0,-4.5
SIMB,B,39191329153891,100,swept,100,0,0,0,0.0,299.27,299.275,0.0,-2.5
SIMB,S,39191329153891,1800,outbid,100,600,600,0,19.6,,,,
SIMB,B,39198027705359,900,swept,900,0,0,0,0.0,299.24,299.245,0.5,4.0
SIMB,S,39198027705359,600,filled,600,200,100,0,25.0,299.25,299.24,0.5,-3.5
SIMB,B,39204015385594,100,outbid,0,0,0,0,0.0,,,,
SIMB,S,39204015385594,1000,filled,1000,100,100,0,0.0,299.27,299.26,-0.0,1.5
SIMB,S,39210134866613,100,filled,200,200,0,0,0.0,299.28,299.275,-0.5,1.0
SIMB,B,39210134866613,100,filled,100,100,100,0,50.0,299.27,299.285,1.0,0.5
SIMB,B,39216277932195,200,emptied,200,0,0,0,0.0,299.25,299.255,1.0,-1.5
SIMB,S,39216277932195,100,outbid,0,0,0,0,0.0,,,,
SIMB,S,39228408730296,100,filled,200,0,0,0,0.0,299.16,299.155,0.5,0.5
SIMB,B,39228408730296,500,filled,500,100,100,0,28.6,299.15,299.155,1.0,-1.0
SIMB,S,39234594541168,1400,outbid,0,100,100,0,12.5,,,,
SIMB,B,39234594541168,800,swept,800,0,0,0,0.0,299.14,299.145,-0.5,-1.0
SIMB,S,39241357757845,100,emptied,100,0,0,0,0.0,299.16,299.155,2.5,2.5
SIMB,B,39241357757845,200,emptied,200,0,0,0,0.0,299.15,299.16,-1.5,-1.5
SIMB,S,39247645983717,800,filled,800,500,100,0,0.0,299.13,299.125,-0.0,7.5
SIMB,B,39247645983717,900,outbid,600,400,0,-300,-88.2,,,,
SIMB,B,39253740709018,500,emptied,500,0,0,0,0.0,299.11,299.12,-2.5,-6.5
SIMB,S,39253740709018,500,emptied,400,100,100,0,0.0,299.13,299.105,10.5,8.0
SIMB,S,39260268505922,1000,emptied,1000,0,0,0,0.0,299.07,299.06,1.5,-2.0
SIMB,B,39260268505922,400,outbid,0,200,200,0,0.0,,,,
SIMB,S,39266167601513,600,filled,600,200,100,0,16.7,299.04,299.035,-1.0,-2.0
SIMB,B,39266167601513,1900,outbid,300,300,200,-100,-71.4,,,,
SIMB,B,39272684997405,1400,emptied,1100,300,300,0,0.0,299.07,299.075,-0.5,-0.5
SIMB,S,39272684997405,400,outbid,0,0,0,0,0.0,,,,
SIMB,S,39277679182225,1400,filled,1600,0,0,0,0.0,299.08,299.075,-0.5,2.5
SIMB,B,39277679182225,100,outbid,0,0,0,0,0.0,,,,
SIMB,S,39283629717120,300,emptied,300,0,0,0,0.0,299.07,299.065,-1.5,-1.5
SIMB,B,39283629717120,300,outbid,300,200,0,0,0.0,,,,
SIMB,S,39290178708598,300,emptied,300,0,0,0,0.0,299.1,299.095,-1.0,4.5
SIMB,B,39290178708598,200,outbid,100,0,0,0,0.0,,,,
SIMB,B,39296602931119,100,outbid,0,0,0,0,0.0,,,,
SIMB,S,39296602931119,200,swept,200,0,0,0,0.0,299.06,299.055,-1.0,-3.5
SIMB,S,39302475919104,1300,outbid,200,100,100,0,8.3,,,,
SIMB,B,39302475919104,400,outbid,100,0,0,0,0.0,,,,
SIMB,S,39308702968863,200,swept,200,0,0,0,0.0,299.1,299.095,-0.5,-7.5
SIMB,B,39308702968863,100,outbid,0,0,0,0,0.0,,,,
SIMB,B,39314772222154,700,emptied,700,0,0,0,0.0,299.16,299.165,0.5,1.5
SIMB,S,39314772222154,800,filled,900,400,0,0,0.0,299.17,299.165,0.5,-1.5
SIMB,B,39321065589885,400,outbid,100,100,100,0,0.0,,,,
SIMB,S,39321065589885,400,swept,300,100,100,0,0.0,299.18,299.17,0.5,-2.5
SIMB,S,39327548516093,1200,filled,1200,200,100,0,0.0,299.19,299.185,-0.5,-14.5
SIMB,B,39327548516093,600,outbid,100,100,100,0,28.6,,,,
SIMB,S,39339895579306,600,outbid,0,0,0,0,0.0,,,,
SIMB,B,39339895579306,200,swept,200,0,0,0,0.0,299.32,299.33,0.0,3.5
SIMB,B,39345837171962,200,outbid,0,0,0,0,0.0,,,,
SIMB,S,39345837171962,1100,emptied,1100,0,0,0,0.0,299.34,299.335,-0.5,4.5
SIMB,B,39352453552053,200,emptied,200,0,0,0,0.0,299.32,299.325,-0.5,-2.5
SIMB,S,39352453552053,200,outbid,0,0,0,0,0.0,,,,
SIMB,B,39358131980627,600,outbid,0,0,0,0,0.0,,,,
SIMB,S,39358131980627,300,swept,300,0,0,0,0.0,299.25,299.245,-3.5,-9.5
SIMB,S,39364233450111,800,emptied,800,0,0,0,0.0,299.31,299.295,-0.5,-4.5
SIMB,B,39364233450111,100,emptied,100,0,0,0,0.0,299.28,299.3,3.5,7.5
SIMB,B,39370785967589,300,emptied,300,0,0,0,0.0,299.35,299.355,-1.5,7.5
SIMB,S,39370785967589,900,outbid,0,500,300,-200,35.3,,,,
SIMB,B,39376657217740,100,outbid,0,0,0,0,0.0,,,,
SIMB,S,39376657217740,600,emptied,600,0,0,0,0.0,299.39,299.38,-1.5,-3.5
SIMB,S,39383251051947,100,swept,100,0,0,0,0.0,299.45,299.435,-0.5,0.5
SIMB,B,39383251051947,200,outbid,0,0,0,0,0.0,,,,
SIMB,S,39389669727053,100,outbid,0,0,0,0,0.0,,,,
SIMB,B,39389669727053,200,swept,200,0,0,0,0.0,299.42,299.425,0.0,3.5
SIMB,S,39396240242676,2900,outbid,0,0,0,0,0.0,,,,
SIMB,B,39396240242676,200,outbid,100,0,0,0,0.0,,,,
SIMB,B,39401924080060,300,outbid,100,0,0,0,0.0,,,,
SIMB,S,39401924080060,1300,swept,1300,0,0,0,0.0,299.48,299.46,-1.0,-8.5
SIMB,S,39408123627209,900,swept,800,100,100,0,0.0,299.51,299.505,-0.5,-9.5
SIMB,B,39408123627209,300,outbid,200,0,0,0,0.0,,,,
SIMB,S,39413935447103,1600,filled,1700,100,0,0,0.0,299.6,299.595,-0.5,-0.5
SIMB,B,39413935447103,700,filled,700,200,100,0,14.3,299.59,299.595,1.5,1.5
SIMB,B,39420023337554,200,emptied,200,0,0,0,0.0,299.59,299.595,-1.0,2.5
SIMB,S,39420023337554,400,outbid,0,100,0,-100,-80.0,,,,
SIMB,B,39426319379590,200,outbid,0,0,0,0,0.0,,,,
SIMB,S,39426319379590,300,swept,300,0,0,0,0.0,299.6,299.595,-1.5,-4.5
SIMB,B,39431973147928,400,filled,600,0,0,0,0.0,299.61,299.615,0.0,3.5
SIMB,S,39431973147928,200,filled,200,300,100,0,38.3,299.62,299.615,-0.0,-2.5
SIMB,B,39438166934040,300,outbid,100,100,100,0,0.0,,,,
SIMB,S,39438166934040,1700,outbid,1000,300,100,-200,-134.3,,,,
SIMB,B,39444835622044,200,outbid,0,0,0,0,0.0,,,,
SIMB,S,39444835622044,1500,filled,1500,200,100,0,0.0,299.67,299.665,-0.0,0.5
SIMB,B,39450920688518,300,filled,300,200,100,0,42.9,299.65,299.655,0.0,-1.0
SIMB,S,39450920688518,200,outbid,100,400,0,-100,-33.3,,,,
SIMB,S,39463560297789,300,outbid,0,0,0,0,0.0,,,,
SIMB,B,39463560297789,2400,outbid,0,0,0,0,0.0,,,,
SIMB,S,39469622267009,100,swept,100,0,0,0,0.0,299.61,299.605,1.0,6.5
SIMB,B,39469622267009,1000,filled,900,200,200,0,81.2,299.6,299.605,0.0,-6.0
SIMB,S,39483299589596,100,outbid,0,0,0,0,0.0,,,,
SIMB,B,39483299589596,700,emptied,700,0,0,0,0.0,299.53,299.535,-1.5,-1.0
SIMB,S,39490086497487,200,emptied,200,0,0,0,0.0,299.52,299.515,0.5,4.0
SIMB,B,39490086497487,1000,outbid,100,200,200,0,0.0,,,,
SIMB,B,39496013149816,200,emptied,200,0,0,0,0.0,299.52,299.525,0.0,1.5
SIMB,S,39496013149816,1200,outbid,100,0,0,0,0.0,,,,
SIMB,B,39502245828522,100,emptied,100,0,0,0,0.0,299.47,299.475,0.0,2.5
SIMB,S,39502245828522,500,outbid,0,0,0,0,0.0,,,,
SIMB,B,39508039106041,100,emptied,100,0,0,0,0.0,299.52,299.54,1.5,-3.0
SIMB,S,39508039106041,600,outbid,300,0,0,0,0.0,,,,
SIMB,B,39514016627036,100,emptied,100,0,0,0,0.0,299.47,299.475,-1.5,7.0
SIMB,S,39514016627036,300,outbid,0,0,0,0,0.0,,,,
SIMB,B,39519918980703,300,outbid,0,0,0,0,0.0,,,,
SIMB,S,39519918980703,400,emptied,400,0,0,0,0.0,299.52,299.515,-0.5,7.5
SIMB,B,39526172561790,1400,filled,1300,200,200,0,0.0,299.49,299.495,-0.5,-1.0
SIMB,S,39526172561790,100,filled,200,0,0,0,0.0,299.5,299.495,2.5,2.0
SIMB,S,39533019767621,1000,filled,1000,200,100,0,0.0,299.45,299.445,-0.5,2.0
SIMB,B,39533019767621,1500,outbid,200,500,400,-100,-60.8,,,,
SIMB,S,39539224935292,1200,outbid,0,0,0,0,0.0,,,,
SIMB,B,39539224935292,300,emptied,300,0,0,0,0.0,299.46,299.465,-0.5,-4.5
SIMB,S,39544903326280,600,outbid,100,0,0,0,0.0,,,,
SIMB,B,39544903326280,100,filled,300,0,0,0,0.0,299.42,299.425,0.5,-3.5
SIMB,S,39551012411138,100,outbid,0,0,0,0,0.0,,,,
SIMB,B,39551012411138,2300,filled,2000,600,400,0,0.0,299.39,299.395,-0.5,-5.5
SIMB,S,39557705083758,200,emptied,200,0,0,0,0.0,299.36,299.355,1.5,9.0
SIMB,B,39557705083758,1000,filled,1100,0,0,0,0.0,299.35,299.355,-0.5,-8.0
SIMB,S,39564045758662,200,emptied,200,0,0,0,0.0,299.33,299.325,2.5,1.5
SIMB,B,39564045758662,1200,emptied,1200,0,0,0,0.0,299.32,299.33,-1.5,-1.0
SIMB,S,39569916425195,1200,filled,1100,200,200,0,10.0,299.29,299.285,-0.5,1.5
SIMB,B,39569916425195,200,filled,300,900,0,0,0.0,299.28,299.285,1.5,-0.5
SIMB,B,39575726205394,800,emptied,800,0,0,0,0.0,299.28,299.285,-0.5,0.0
SIMB,S,39575726205394,300,outbid,100,0,0,0,0.0,,,,
SIMB,S,39582081677871,200,filled,300,0,0,0,0.0,299.28,299.275,-0.5,1.5
SIMB,B,39582081677871,800,outbid,400,200,0,-200,-100.0,,,,
SIMB,S,39588582351962,700,filled,800,100,0,0,0.0,299.27,299.265,0.5,0.5
SIMB,B,39588582351962,1000,outbid,300,200,200,0,0.0,,,,
SIMB,B,39595316908214,800,outbid,0,0,0,0,0.0,,,,
SIMB,S,39595316908214,300,emptied,300,0,0,0,0.0,299.28,299.275,-0.5,
